reward_today,future_reward,delay,thisN,thisTrialN,thisRepN,key_resp.keys,key_resp.rt,key_resp.duration,trials.thisRepN,trials.thisTrialN,trials.thisN,trials.thisIndex,thisRow.t,notes,trial.started,fixation.started,text.started,key_resp.started,fixation.stopped,trial.stopped,trials.key_resp.keys,trials.key_resp.rt,trials.key_resp.duration,participant,session,date,expName,expVersion,psychopyVersion,frameRate,expStart,
115,165,203,0,0,0,t,6.690853699998115,None,0,0,0,56,0.12528240000392543,,0.11576659999991534,0.12528240000392543,1.0104302000036114,1.0104302000036114,1.127023500004725,7.804754400000093,t,6.690853699998115,None,001,001,2025-10-28_12h09.40.431,delay_discounting_exp,,2025.1.1,60.00726087796803,2025-10-28 12h09.47.210914 +0530,
99,111,88,1,1,0,t,3.7033191000009538,None,0,1,1,50,7.815868400000909,,7.81115359999967,7.815868400000909,8.820405400001619,8.820405400001619,8.820405400001619,12.536984700003813,t,3.7033191000009538,None,001,001,2025-10-28_12h09.40.431,delay_discounting_exp,,2025.1.1,60.00726087796803,2025-10-28 12h09.47.210914 +0530,
44,55,39,2,2,0,t,5.982327399993665,None,0,2,2,38,12.552556300004653,,12.54179390000354,12.552556300004653,13.536227500000678,13.536227500000678,13.553954700000759,19.52016939999885,t,5.982327399993665,None,001,001,2025-10-28_12h09.40.431,delay_discounting_exp,,2025.1.1,60.00726087796803,2025-10-28 12h09.47.210914 +0530,
103,144,73,3,3,0,t,5.374654599996575,None,0,3,3,92,19.53616940000211,,19.52495220000128,19.53616940000211,20.52074050000374,20.52074050000374,20.536824599999818,25.904039699998975,t,5.374654599996575,None,001,001,2025-10-28_12h09.40.431,delay_discounting_exp,,2025.1.1,60.00726087796803,2025-10-28 12h09.47.210914 +0530,
11,30,7,4,4,0,l,3.4824643000029027,None,0,4,4,0,25.920166900003096,,25.906506300001638,25.920166900003096,26.903372400003718,26.903372400003718,26.920984600001248,30.387400100000377,l,3.4824643000029027,None,001,001,2025-10-28_12h09.40.431,delay_discounting_exp,,2025.1.1,60.00726087796803,2025-10-28 12h09.47.210914 +0530,
111,150,187,5,5,0,l,4.787068199999339,None,0,5,5,47,30.404140900005586,,30.38983260000532,30.404140900005586,31.387116600002628,31.387116600002628,31.404934300000605,36.18849230000342,l,4.787068199999339,None,001,001,2025-10-28_12h09.40.431,delay_discounting_exp,,2025.1.1,60.00726087796803,2025-10-28 12h09.47.210914 +0530,
6,51,73,6,6,0,l,3.4094888999970863,None,0,6,6,13,36.20404140000028,,36.1909994000016,36.20404140000028,37.18752400000085,37.18752400000085,37.20543590000307,40.60472210000444,l,3.4094888999970863,None,001,001,2025-10-28_12h09.40.431,delay_discounting_exp,,2025.1.1,60.00726087796803,2025-10-28 12h09.47.210914 +0530,
73,84,42,7,7,0,t,2.6719013000038103,None,0,7,7,41,40.620968499999435,,40.60701580000023,40.620968499999435,41.60445460000483,41.60445460000483,41.62106399999902,44.288105200001155,t,2.6719013000038103,None,001,001,2025-10-28_12h09.40.431,delay_discounting_exp,,2025.1.1,60.00726087796803,2025-10-28 12h09.47.210914 +0530,
66,110,10,8,8,0,l,2.627629700000398,None,0,8,8,36,44.30461220000143,,44.29035610000574,44.30461220000143,45.28804350000428,45.28804350000428,45.30533700000524,47.92299560000538,l,2.627629700000398,None,001,001,2025-10-28_12h09.40.431,delay_discounting_exp,,2025.1.1,60.00726087796803,2025-10-28 12h09.47.210914 +0530,
21,31,35,9,9,0,t,5.108535100000154,None,0,9,9,19,47.93829950000509,,47.92584060000081,47.93829950000509,48.93810840000515,48.93810840000515,48.93810840000515,54.05567169999995,t,5.108535100000154,None,001,001,2025-10-28_12h09.40.431,delay_discounting_exp,,2025.1.1,60.00726087796803,2025-10-28 12h09.47.210914 +0530,
104,110,48,10,10,0,t,2.8955426000029547,None,0,10,10,69,54.07154029999947,,54.05829090000043,54.07154029999947,55.05610159999924,55.05610159999924,55.07168050000473,57.95589390000532,t,2.8955426000029547,None,001,001,2025-10-28_12h09.40.431,delay_discounting_exp,,2025.1.1,60.00726087796803,2025-10-28 12h09.47.210914 +0530,
20,25,137,11,11,0,t,5.857468200003495,None,0,11,11,64,57.97287730000244,,57.95948160000262,57.97287730000244,58.95598959999916,58.95598959999916,58.97220500000549,64.8244027000037,t,5.857468200003495,None,001,001,2025-10-28_12h09.40.431,delay_discounting_exp,,2025.1.1,60.00726087796803,2025-10-28 12h09.47.210914 +0530,
98,300,45,12,12,0,l,4.6757818999976735,None,0,12,12,12,64.83932400000049,,64.82687760000408,64.83932400000049,65.83934540000337,65.83934540000337,65.83934540000337,70.52379900000233,l,4.6757818999976735,None,001,001,2025-10-28_12h09.40.431,delay_discounting_exp,,2025.1.1,60.00726087796803,2025-10-28 12h09.47.210914 +0530,
156,210,120,13,13,0,l,6.053828399999475,None,0,13,13,63,70.60224800000287,,70.5969516000041,70.60224800000287,71.52416449999873,71.52416449999873,71.60629719999997,77.59016260000499,l,6.053828399999475,None,001,001,2025-10-28_12h09.40.431,delay_discounting_exp,,2025.1.1,60.00726087796803,2025-10-28 12h09.47.210914 +0530,
76,100,205,14,14,0,t,4.613222100000712,None,0,14,14,10,77.60727970000153,,77.59245100000408,77.60727970000153,78.59118930000113,78.59118930000113,78.60640140000032,83.20692989999952,t,4.613222100000712,None,001,001,2025-10-28_12h09.40.431,delay_discounting_exp,,2025.1.1,60.00726087796803,2025-10-28 12h09.47.210914 +0530,
81,90,12,15,15,0,t,3.15512299999682,None,0,15,15,9,83.223768200005,,83.2092679999987,83.223768200005,84.20695140000316,84.20695140000316,84.22478020000563,87.37419520000549,t,3.15512299999682,None,001,001,2025-10-28_12h09.40.431,delay_discounting_exp,,2025.1.1,60.00726087796803,2025-10-28 12h09.47.210914 +0530,
25,32,16,16,16,0,l,20.128793800002313,None,0,16,16,75,87.39018590000342,,87.37647800000559,87.39018590000342,88.37354340000456,88.37354340000456,88.39139400000568,108.508436600001,l,20.128793800002313,None,001,001,2025-10-28_12h09.40.431,delay_discounting_exp,,2025.1.1,60.00726087796803,2025-10-28 12h09.47.210914 +0530,
68,94,15,17,17,0,l,2.2590393999998923,None,0,17,17,43,108.52507780000451,,108.51105440000538,108.52507780000451,109.50957550000021,109.50957550000021,109.52521870000055,111.77527140000166,l,2.2590393999998923,None,001,001,2025-10-28_12h09.40.431,delay_discounting_exp,,2025.1.1,60.00726087796803,2025-10-28 12h09.47.210914 +0530,
76,99,195,18,18,0,t,2.477569999995467,None,0,18,18,73,111.79210140000214,,111.77746060000209,111.79210140000214,112.77519600000232,112.77519600000232,112.79230459999962,115.25904530000116,t,2.477569999995467,None,001,001,2025-10-28_12h09.40.431,delay_discounting_exp,,2025.1.1,60.00726087796803,2025-10-28 12h09.47.210914 +0530,
161,202,24,19,19,0,l,1.8541114000036032,None,0,19,19,52,115.2764443000051,,115.26164570000401,115.2764443000051,116.25871810000535,116.25871810000535,116.29337800000212,118.12621620000573,l,1.8541114000036032,None,001,001,2025-10-28_12h09.40.431,delay_discounting_exp,,2025.1.1,60.00726087796803,2025-10-28 12h09.47.210914 +0530,
85,105,13,20,20,0,l,13.693070300003455,None,0,20,20,78,118.14281800000026,,118.12876050000341,118.14281800000026,119.12592980000045,119.12592980000045,119.14377120000427,132.8266941000038,l,13.693070300003455,None,001,001,2025-10-28_12h09.40.431,delay_discounting_exp,,2025.1.1,60.00726087796803,2025-10-28 12h09.47.210914 +0530,
52,96,8,21,21,0,t,4.564600400000927,None,0,21,21,11,132.84305329999916,,132.82979260000138,132.84305329999916,133.82664050000312,133.82664050000312,133.84274930000538,138.393178600003,t,4.564600400000927,None,001,001,2025-10-28_12h09.40.431,delay_discounting_exp,,2025.1.1,60.00726087796803,2025-10-28 12h09.47.210914 +0530,
90,143,58,22,22,0,l,3.3615022000012686,None,0,22,22,65,138.40987920000043,,138.39544849999947,138.40987920000043,139.39336800000456,139.39336800000456,139.41127219999908,142.76068010000017,l,3.3615022000012686,None,001,001,2025-10-28_12h09.40.431,delay_discounting_exp,,2025.1.1,60.00726087796803,2025-10-28 12h09.47.210914 +0530,
123,142,61,23,23,0,t,3.0130362000054447,None,0,23,23,82,142.77692810000008,,142.7632064999998,142.77692810000008,143.76157439999952,143.76157439999952,143.7764565000034,146.7773073999997,t,3.0130362000054447,None,001,001,2025-10-28_12h09.40.431,delay_discounting_exp,,2025.1.1,60.00726087796803,2025-10-28 12h09.47.210914 +0530,
158,188,151,24,24,0,t,3.455747500003781,None,0,24,24,85,146.7939159000016,,146.77966000000015,146.7939159000016,147.77724519999902,147.77724519999902,147.7939069999993,151.24444680000306,t,3.455747500003781,None,001,001,2025-10-28_12h09.40.431,delay_discounting_exp,,2025.1.1,60.00726087796803,2025-10-28 12h09.47.210914 +0530,
12,99,90,25,25,0,l,3.986498699996446,None,0,25,25,18,151.26039339999988,,151.24666889999935,151.26039339999988,152.2447463999997,152.2447463999997,152.26130000000558,156.24477570000454,l,3.986498699996446,None,001,001,2025-10-28_12h09.40.431,delay_discounting_exp,,2025.1.1,60.00726087796803,2025-10-28 12h09.47.210914 +0530,
99,130,36,26,26,0,l,3.2384728000033647,None,0,26,26,28,156.26088560000062,,156.2473936000024,156.26088560000062,157.24475950000488,157.24475950000488,157.26120630000514,160.4946775999997,l,3.2384728000033647,None,001,001,2025-10-28_12h09.40.431,delay_discounting_exp,,2025.1.1,60.00726087796803,2025-10-28 12h09.47.210914 +0530,
54,69,52,27,27,0,t,2.4477823999986867,None,0,27,27,32,160.5116668000046,,160.4971302000049,160.5116668000046,161.4943923000028,161.4943923000028,161.5119182000053,163.94494080000004,t,2.4477823999986867,None,001,001,2025-10-28_12h09.40.431,delay_discounting_exp,,2025.1.1,60.00726087796803,2025-10-28 12h09.47.210914 +0530,
88,95,11,28,28,0,l,6.0181678000008105,None,0,28,28,34,163.96122930000274,,163.9471238000042,163.96122930000274,164.94473819999985,164.94473819999985,164.96147240000573,170.97296590000042,l,6.0181678000008105,None,001,001,2025-10-28_12h09.40.431,delay_discounting_exp,,2025.1.1,60.00726087796803,2025-10-28 12h09.47.210914 +0530,
101,119,100,29,29,0,l,5.830706499997177,None,0,29,29,80,170.9898175999988,,170.9758609000055,170.9898175999988,171.97303069999907,171.97303069999907,171.98959670000477,177.80723380000563,l,5.830706499997177,None,001,001,2025-10-28_12h09.40.431,delay_discounting_exp,,2025.1.1,60.00726087796803,2025-10-28 12h09.47.210914 +0530,
7,20,230,30,30,0,t,3.659786599993822,None,0,30,30,33,177.82322090000525,,177.80981660000543,177.82322090000525,178.80670340000506,178.80670340000506,178.8239035000006,182.47395200000028,t,3.659786599993822,None,001,001,2025-10-28_12h09.40.431,delay_discounting_exp,,2025.1.1,60.00726087796803,2025-10-28 12h09.47.210914 +0530,
165,199,200,31,31,0,t,3.0886711000057403,None,0,31,31,99,182.4897809000031,,182.47708989999956,182.4897809000031,183.47320060000493,183.47320060000493,183.4902992999996,186.57402620000357,t,3.0886711000057403,None,001,001,2025-10-28_12h09.40.431,delay_discounting_exp,,2025.1.1,60.00726087796803,2025-10-28 12h09.47.210914 +0530,
206,213,72,32,32,0,l,3.1915822999944794,None,0,32,32,79,186.5901104000004,,186.57632330000342,186.5901104000004,187.5733490000057,187.5733490000057,187.59093209999992,190.7742281000028,l,3.1915822999944794,None,001,001,2025-10-28_12h09.40.431,delay_discounting_exp,,2025.1.1,60.00726087796803,2025-10-28 12h09.47.210914 +0530,
155,160,27,33,33,0,t,4.7709165999986,None,0,33,33,71,190.7907871999996,,190.77687620000506,190.7907871999996,191.77377310000156,191.77377310000156,191.7907006000023,196.5579063000041,t,4.7709165999986,None,001,001,2025-10-28_12h09.40.431,delay_discounting_exp,,2025.1.1,60.00726087796803,2025-10-28 12h09.47.210914 +0530,
32,48,35,34,34,0,t,5.510725100000855,None,0,34,34,95,196.5737711000038,,196.56040239999857,196.5737711000038,197.5579910000015,197.5579910000015,197.57403350000095,203.074558100001,t,5.510725100000855,None,001,001,2025-10-28_12h09.40.431,delay_discounting_exp,,2025.1.1,60.00726087796803,2025-10-28 12h09.47.210914 +0530,
61,65,178,35,35,0,t,3.698958600005426,None,0,35,35,61,203.09110510000028,,203.07727929999965,203.09110510000028,204.07531110000127,204.07531110000127,204.09125109999877,207.77552560000186,t,3.698958600005426,None,001,001,2025-10-28_12h09.40.431,delay_discounting_exp,,2025.1.1,60.00726087796803,2025-10-28 12h09.47.210914 +0530,
59,100,72,36,36,0,t,3.1129637000049115,None,0,36,36,37,207.7913406000007,,207.77811540000403,207.7913406000007,208.7752360000013,208.7752360000013,208.79128770000534,211.89215749999858,t,3.1129637000049115,None,001,001,2025-10-28_12h09.40.431,delay_discounting_exp,,2025.1.1,60.00726087796803,2025-10-28 12h09.47.210914 +0530,
166,175,140,37,37,0,t,3.4103325999967637,None,0,37,37,91,211.90823580000142,,211.89532840000174,211.90823580000142,212.89149990000442,212.89149990000442,212.90803140000207,216.3086242999998,t,3.4103325999967637,None,001,001,2025-10-28_12h09.40.431,delay_discounting_exp,,2025.1.1,60.00726087796803,2025-10-28 12h09.47.210914 +0530,
37,95,9,38,38,0,l,2.8491564999931143,None,0,38,38,62,216.32524650000414,,216.31129520000104,216.32524650000414,217.30844230000366,217.30844230000366,217.32506130000547,220.15863920000265,l,2.8491564999931143,None,001,001,2025-10-28_12h09.40.431,delay_discounting_exp,,2025.1.1,60.00726087796803,2025-10-28 12h09.47.210914 +0530,
215,250,82,39,39,0,t,2.3671067000032053,None,0,39,39,55,220.17523890000302,,220.16158939999877,220.17523890000302,221.1586199000012,221.1586199000012,221.17556270000205,223.52642280000146,t,2.3671067000032053,None,001,001,2025-10-28_12h09.40.431,delay_discounting_exp,,2025.1.1,60.00726087796803,2025-10-28 12h09.47.210914 +0530,
49,60,89,40,40,0,t,3.73640819999855,None,0,40,40,4,223.54214660000434,,223.52908860000025,223.54214660000434,224.52595280000241,224.52595280000241,224.54312620000564,228.276429000005,t,3.73640819999855,None,001,001,2025-10-28_12h09.40.431,delay_discounting_exp,,2025.1.1,60.00726087796803,2025-10-28 12h09.47.210914 +0530,
87,97,132,41,41,0,l,3.4982153000019025,None,0,41,41,29,228.29215730000578,,228.27928650000104,228.29215730000578,229.27667420000216,229.27667420000216,229.29269670000212,232.77611530000286,l,3.4982153000019025,None,001,001,2025-10-28_12h09.40.431,delay_discounting_exp,,2025.1.1,60.00726087796803,2025-10-28 12h09.47.210914 +0530,
216,248,157,42,42,0,t,4.318589800001064,None,0,42,42,57,232.7927142000044,,232.77883680000377,232.7927142000044,233.77587140000105,233.77587140000105,233.7927481000006,238.11015580000094,t,4.318589800001064,None,001,001,2025-10-28_12h09.40.431,delay_discounting_exp,,2025.1.1,60.00726087796803,2025-10-28 12h09.47.210914 +0530,
48,92,111,43,43,0,l,11.98057659999904,None,0,43,43,94,238.12688060000073,,238.1133267000041,238.12688060000073,239.10961730000417,239.10961730000417,239.1267874000041,251.0941182000024,l,11.98057659999904,None,001,001,2025-10-28_12h09.40.431,delay_discounting_exp,,2025.1.1,60.00726087796803,2025-10-28 12h09.47.210914 +0530,
82,90,71,44,44,0,t,3.429643000003125,None,0,44,44,42,251.11058950000006,,251.0969527000052,251.11058950000006,252.09390550000535,252.09390550000535,252.11049340000318,255.5277156000011,t,3.429643000003125,None,001,001,2025-10-28_12h09.40.431,delay_discounting_exp,,2025.1.1,60.00726087796803,2025-10-28 12h09.47.210914 +0530,
13,60,27,45,45,0,l,5.786700399999972,None,0,45,45,14,255.5439106000049,,255.53049090000422,255.5439106000049,256.52771490000305,256.52771490000305,256.54404179999983,262.32815729999857,l,5.786700399999972,None,001,001,2025-10-28_12h09.40.431,delay_discounting_exp,,2025.1.1,60.00726087796803,2025-10-28 12h09.47.210914 +0530,
144,187,33,46,46,0,l,8.05961660000321,None,0,46,46,86,262.34420800000225,,262.33068130000174,262.34420800000225,263.3277720000042,263.3277720000042,263.3444190000009,271.3954330999986,l,8.05961660000321,None,001,001,2025-10-28_12h09.40.431,delay_discounting_exp,,2025.1.1,60.00726087796803,2025-10-28 12h09.47.210914 +0530,
67,75,119,47,47,0,l,2.2326800000009825,None,0,47,47,5,271.41286409999884,,271.39828560000024,271.41286409999884,272.3958793999991,272.3958793999991,272.4116218000054,274.64560970000457,l,2.2326800000009825,None,001,001,2025-10-28_12h09.40.431,delay_discounting_exp,,2025.1.1,60.00726087796803,2025-10-28 12h09.47.210914 +0530,
51,85,61,48,48,0,t,3.2018436000071233,None,0,48,48,27,274.6618815000038,,274.64803210000537,274.6618815000038,275.64511270000366,275.64511270000366,275.66200129999925,278.86290780000127,t,3.2018436000071233,None,001,001,2025-10-28_12h09.40.431,delay_discounting_exp,,2025.1.1,60.00726087796803,2025-10-28 12h09.47.210914 +0530,
29,90,94,49,49,0,l,3.12855529999797,None,0,49,49,45,278.8783884000004,,278.8658104999995,278.8783884000004,279.87866520000534,279.87866520000534,279.87866520000534,283.01343030000135,l,3.12855529999797,None,001,001,2025-10-28_12h09.40.431,delay_discounting_exp,,2025.1.1,60.00726087796803,2025-10-28 12h09.47.210914 +0530,
38,60,4,50,50,0,l,3.4273755999965942,None,0,50,50,26,283.0285958000022,,283.0160795000047,283.0285958000022,284.0286283000023,284.0286283000023,284.0286283000023,287.4631229000006,l,3.4273755999965942,None,001,001,2025-10-28_12h09.40.431,delay_discounting_exp,,2025.1.1,60.00726087796803,2025-10-28 12h09.47.210914 +0530,
50,98,182,51,51,0,t,3.226613600003475,None,0,51,51,15,287.479064500003,,287.46605740000086,287.479064500003,288.4635049999997,288.4635049999997,288.4792546000026,291.69644320000225,t,3.226613600003475,None,001,001,2025-10-28_12h09.40.431,delay_discounting_exp,,2025.1.1,60.00726087796803,2025-10-28 12h09.47.210914 +0530,
67,113,64,52,52,0,l,12.958875500000431,None,0,52,52,66,291.7126095000058,,291.69969069999934,291.7126095000058,292.6960386999999,292.6960386999999,292.7129958000005,305.6641530000052,l,12.958875500000431,None,001,001,2025-10-28_12h09.40.431,delay_discounting_exp,,2025.1.1,60.00726087796803,2025-10-28 12h09.47.210914 +0530,
24,50,101,53,53,0,l,10.510612599995511,None,0,53,53,25,305.6801004000008,,305.6668200999993,305.6801004000008,306.66360420000274,306.66360420000274,306.6815222000005,317.18174620000354,l,10.510612599995511,None,001,001,2025-10-28_12h09.40.431,delay_discounting_exp,,2025.1.1,60.00726087796803,2025-10-28 12h09.47.210914 +0530,
63,75,19,54,54,0,l,6.940108299997519,None,0,54,54,23,317.1976758000019,,317.1842625999998,317.1976758000019,318.1818529000011,318.1818529000011,318.19877819999965,325.13196070000413,l,6.940108299997519,None,001,001,2025-10-28_12h09.40.431,delay_discounting_exp,,2025.1.1,60.00726087796803,2025-10-28 12h09.47.210914 +0530,
40,55,62,55,55,0,t,4.639343499999086,None,0,55,55,3,325.14802500000224,,325.1349501000004,325.14802500000224,326.1315939000051,326.1315939000051,326.14802240000427,330.78197390000423,t,4.639343499999086,None,001,001,2025-10-28_12h09.40.431,delay_discounting_exp,,2025.1.1,60.00726087796803,2025-10-28 12h09.47.210914 +0530,
189,213,9,56,56,0,l,7.506210700004885,None,0,56,56,96,330.7984486999994,,330.7846716999993,330.7984486999994,331.781782500002,331.781782500002,331.7984703000038,339.2992901000034,l,7.506210700004885,None,001,001,2025-10-28_12h09.40.431,delay_discounting_exp,,2025.1.1,60.00726087796803,2025-10-28 12h09.47.210914 +0530,
27,50,21,57,57,0,l,2.3072806999989552,None,0,57,57,2,339.31509430000006,,339.30193280000094,339.31509430000006,340.2987032000019,340.2987032000019,340.3155696000031,342.6165375000055,l,2.3072806999989552,None,001,001,2025-10-28_12h09.40.431,delay_discounting_exp,,2025.1.1,60.00726087796803,2025-10-28 12h09.47.210914 +0530,
84,109,21,58,58,0,t,2.791424700000789,None,0,58,58,46,342.6329218000028,,342.6188977999991,342.6329218000028,343.61551590000454,343.61551590000454,343.6329568000001,346.4161615000048,t,2.791424700000789,None,001,001,2025-10-28_12h09.40.431,delay_discounting_exp,,2025.1.1,60.00726087796803,2025-10-28 12h09.47.210914 +0530,
39,67,93,59,59,0,t,3.5236543999999412,None,0,59,59,39,346.4324895000027,,346.41862599999877,346.4324895000027,347.4158615999986,347.4158615999986,347.4331269000031,350.9498797999986,t,3.5236543999999412,None,001,001,2025-10-28_12h09.40.431,delay_discounting_exp,,2025.1.1,60.00726087796803,2025-10-28 12h09.47.210914 +0530,
76,100,128,60,60,0,t,2.3256506999969133,None,0,60,60,31,350.9660223000028,,350.9521186999991,350.9660223000028,351.9496775000007,351.9496775000007,351.96675479999976,354.28332290000253,t,2.3256506999969133,None,001,001,2025-10-28_12h09.40.431,delay_discounting_exp,,2025.1.1,60.00726087796803,2025-10-28 12h09.47.210914 +0530,
79,80,77,61,61,0,t,6.721847900000284,None,0,61,61,21,354.30010640000546,,354.2862396000055,354.30010640000546,355.28309499999887,355.28309499999887,355.3003314000016,362.0172683000055,t,6.721847900000284,None,001,001,2025-10-28_12h09.40.431,delay_discounting_exp,,2025.1.1,60.00726087796803,2025-10-28 12h09.47.210914 +0530,
18,90,142,62,62,0,l,7.460329499997897,None,0,62,62,20,362.03330310000456,,362.0196652000013,362.03330310000456,363.01660310000443,363.01660310000443,363.03344800000195,370.4842091000028,l,7.460329499997897,None,001,001,2025-10-28_12h09.40.431,delay_discounting_exp,,2025.1.1,60.00726087796803,2025-10-28 12h09.47.210914 +0530,
87,102,177,63,63,0,l,2.129380400001537,None,0,63,63,51,370.5005114000014,,370.48695630000293,370.5005114000014,371.4838677000007,371.4838677000007,371.50029480000376,373.61727919999976,l,2.129380400001537,None,001,001,2025-10-28_12h09.40.431,delay_discounting_exp,,2025.1.1,60.00726087796803,2025-10-28 12h09.47.210914 +0530,
132,154,99,64,64,0,l,21.426476399996318,None,0,64,64,88,373.63404260000243,,373.619543300003,373.63404260000243,374.6171029000034,374.6171029000034,374.6352912000002,396.0598614000046,l,21.426476399996318,None,001,001,2025-10-28_12h09.40.431,delay_discounting_exp,,2025.1.1,60.00726087796803,2025-10-28 12h09.47.210914 +0530,
134,141,21,65,65,0,t,2.7355501999991247,None,0,65,65,98,396.0761163999996,,396.0627874999991,396.0761163999996,397.0601076000021,397.0601076000021,397.0756890000048,399.80973140000424,t,2.7355501999991247,None,001,001,2025-10-28_12h09.40.431,delay_discounting_exp,,2025.1.1,60.00726087796803,2025-10-28 12h09.47.210914 +0530,
85,120,16,66,66,0,l,4.971767299997737,None,0,66,66,30,399.8264094000042,,399.8123588000017,399.8264094000042,400.80956210000295,400.80956210000295,400.8263647999993,405.7938087000002,l,4.971767299997737,None,001,001,2025-10-28_12h09.40.431,delay_discounting_exp,,2025.1.1,60.00726087796803,2025-10-28 12h09.47.210914 +0530,
96,98,128,67,67,0,t,1.7288635000004433,None,0,67,67,77,405.8110677000004,,405.7965159000014,405.8110677000004,406.79330240000127,406.79330240000127,406.82641150000563,408.5269571000026,t,1.7288635000004433,None,001,001,2025-10-28_12h09.40.431,delay_discounting_exp,,2025.1.1,60.00726087796803,2025-10-28 12h09.47.210914 +0530,
68,79,7,68,68,0,t,3.8535450999988825,None,0,68,68,93,408.5434144000028,,408.52968690000125,408.5434144000028,409.52662950000376,409.52662950000376,409.54311040000175,413.39444319999893,t,3.8535450999988825,None,001,001,2025-10-28_12h09.40.431,delay_discounting_exp,,2025.1.1,60.00726087796803,2025-10-28 12h09.47.210914 +0530,
72,105,166,69,69,0,t,4.4054031999985455,None,0,69,69,44,413.410421200002,,413.397286899999,413.410421200002,414.4113189999989,414.4113189999989,414.4113189999989,418.8280365000028,t,4.4054031999985455,None,001,001,2025-10-28_12h09.40.431,delay_discounting_exp,,2025.1.1,60.00726087796803,2025-10-28 12h09.47.210914 +0530,
176,180,5,70,70,0,t,5.59578650000185,None,0,70,70,67,418.8450634000037,,418.83057270000427,418.8450634000037,419.827079900002,419.827079900002,419.8604906000037,425.4284584000052,t,5.59578650000185,None,001,001,2025-10-28_12h09.40.431,delay_discounting_exp,,2025.1.1,60.00726087796803,2025-10-28 12h09.47.210914 +0530,
118,150,93,71,71,0,t,6.293694200001482,None,0,71,71,58,425.4439946000057,,425.431654,425.4439946000057,426.42748080000456,426.42748080000456,426.44401360000484,432.72831869999936,t,6.293694200001482,None,001,001,2025-10-28_12h09.40.431,delay_discounting_exp,,2025.1.1,60.00726087796803,2025-10-28 12h09.47.210914 +0530,
77,113,79,72,72,0,t,2.239830600003188,None,0,72,72,35,432.7447003000052,,432.7305453000008,432.7447003000052,433.72780140000395,433.72780140000395,433.7448494000055,435.9786715000009,t,2.239830600003188,None,001,001,2025-10-28_12h09.40.431,delay_discounting_exp,,2025.1.1,60.00726087796803,2025-10-28 12h09.47.210914 +0530,
41,70,63,73,73,0,t,3.610497399997257,None,0,73,73,53,435.99500830000034,,435.9813940000022,435.99500830000034,436.97968400000536,436.97968400000536,436.99570040000253,440.59576980000566,t,3.610497399997257,None,001,001,2025-10-28_12h09.40.431,delay_discounting_exp,,2025.1.1,60.00726087796803,2025-10-28 12h09.47.210914 +0530,
167,181,164,74,74,0,t,2.0552590000006603,None,0,74,74,97,440.6117741000053,,440.59822800000256,440.6117741000053,441.5952546000044,441.5952546000044,441.6119239000036,443.6623299999992,t,2.0552590000006603,None,001,001,2025-10-28_12h09.40.431,delay_discounting_exp,,2025.1.1,60.00726087796803,2025-10-28 12h09.47.210914 +0530,
10,20,33,75,75,0,l,5.878421099994739,None,0,75,75,7,443.6789936999994,,443.6649441000045,443.6789936999994,444.6623164000048,444.6623164000048,444.67929860000004,450.5460982000004,l,5.878421099994739,None,001,001,2025-10-28_12h09.40.431,delay_discounting_exp,,2025.1.1,60.00726087796803,2025-10-28 12h09.47.210914 +0530,
15,35,13,76,76,0,l,20.35961430000316,None,0,76,76,1,450.5627437000003,,450.5483494,450.5627437000003,451.54589800000394,451.54589800000394,451.5628534999996,471.91372070000216,l,20.35961430000316,None,001,001,2025-10-28_12h09.40.431,delay_discounting_exp,,2025.1.1,60.00726087796803,2025-10-28 12h09.47.210914 +0530,
204,220,14,77,77,0,t,7.571527799998876,None,0,77,77,84,471.9302400000015,,471.91644120000274,471.9302400000015,472.91429410000273,472.91429410000273,472.93048830000043,480.49801840000146,t,7.571527799998876,None,001,001,2025-10-28_12h09.40.431,delay_discounting_exp,,2025.1.1,60.00726087796803,2025-10-28 12h09.47.210914 +0530,
11,51,64,78,78,0,l,1.5295486000031815,None,0,78,78,8,480.5139057999986,,480.50029650000215,480.5139057999986,481.4975689000057,481.4975689000057,481.51424500000576,483.03138089999993,l,1.5295486000031815,None,001,001,2025-10-28_12h09.40.431,delay_discounting_exp,,2025.1.1,60.00726087796803,2025-10-28 12h09.47.210914 +0530,
65,96,73,79,79,0,t,3.401643700002751,None,0,79,79,70,483.0478316000008,,483.03441849999945,483.0478316000008,484.03117190000194,484.03117190000194,484.0490720000016,487.44845160000114,t,3.401643700002751,None,001,001,2025-10-28_12h09.40.431,delay_discounting_exp,,2025.1.1,60.00726087796803,2025-10-28 12h09.47.210914 +0530,
58,95,24,80,80,0,t,2.943287300004158,None,0,80,80,76,487.4645779000057,,487.45102410000254,487.4645779000057,488.4478744000007,488.4478744000007,488.464321200001,491.3984109000012,t,2.943287300004158,None,001,001,2025-10-28_12h09.40.431,delay_discounting_exp,,2025.1.1,60.00726087796803,2025-10-28 12h09.47.210914 +0530,
46,59,61,81,81,0,t,2.5086593000014545,None,0,81,81,74,491.41449060000014,,491.40127680000296,491.41449060000014,492.39874200000486,492.39874200000486,492.41464370000176,494.9154211999994,t,2.5086593000014545,None,001,001,2025-10-28_12h09.40.431,delay_discounting_exp,,2025.1.1,60.00726087796803,2025-10-28 12h09.47.210914 +0530,
28,51,150,82,82,0,t,2.1437692000035895,None,0,82,82,40,494.9313991000017,,494.9176135000016,494.9313991000017,495.91511710000486,495.91511710000486,495.9332579000038,498.06584139999904,t,2.1437692000035895,None,001,001,2025-10-28_12h09.40.431,delay_discounting_exp,,2025.1.1,60.00726087796803,2025-10-28 12h09.47.210914 +0530,
172,200,99,83,83,0,t,4.477266300003976,None,0,83,83,48,498.0818087000007,,498.0685630000007,498.0818087000007,499.06490280000435,499.06490280000435,499.0823092999999,503.5492197000058,t,4.477266300003976,None,001,001,2025-10-28_12h09.40.431,delay_discounting_exp,,2025.1.1,60.00726087796803,2025-10-28 12h09.47.210914 +0530,
34,40,186,84,84,0,t,2.476856900000712,None,0,84,84,72,503.56530270000076,,503.55158720000327,503.56530270000076,504.5491037000029,504.5491037000029,504.5653702000054,507.03317880000395,t,2.476856900000712,None,001,001,2025-10-28_12h09.40.431,delay_discounting_exp,,2025.1.1,60.00726087796803,2025-10-28 12h09.47.210914 +0530,
80,101,14,85,85,0,l,3.7331255999961286,None,0,85,85,17,507.04863060000207,,507.0365262999985,507.04863060000207,508.0327529999995,508.0327529999995,508.0489460000026,511.76657920000434,l,3.7331255999961286,None,001,001,2025-10-28_12h09.40.431,delay_discounting_exp,,2025.1.1,60.00726087796803,2025-10-28 12h09.47.210914 +0530,
181,209,22,86,86,0,l,4.3607984999980545,None,0,86,86,90,511.7836538000047,,511.768791100003,511.7836538000047,512.766160500003,512.766160500003,512.7836723,517.1330452000038,l,4.3607984999980545,None,001,001,2025-10-28_12h09.40.431,delay_discounting_exp,,2025.1.1,60.00726087796803,2025-10-28 12h09.47.210914 +0530,
5,30,68,87,87,0,l,5.163724400001229,None,0,87,87,16,517.1494444999989,,517.1357078000001,517.1494444999989,518.1334415000019,518.1334415000019,518.1499332000021,523.3002594999998,l,5.163724400001229,None,001,001,2025-10-28_12h09.40.431,delay_discounting_exp,,2025.1.1,60.00726087796803,2025-10-28 12h09.47.210914 +0530,
52,86,243,88,88,0,t,5.048025800002506,None,0,88,88,24,523.316365300001,,523.3026632000037,523.316365300001,524.300041100003,524.300041100003,524.3167384000044,529.3502378000048,t,5.048025800002506,None,001,001,2025-10-28_12h09.40.431,delay_discounting_exp,,2025.1.1,60.00726087796803,2025-10-28 12h09.47.210914 +0530,
94,100,56,89,89,0,t,2.2349163000035333,None,0,89,89,60,529.3668418000016,,529.3527264000004,529.3668418000016,530.3503780000028,530.3503780000028,530.3665219000031,532.6022471000033,t,2.2349163000035333,None,001,001,2025-10-28_12h09.40.431,delay_discounting_exp,,2025.1.1,60.00726087796803,2025-10-28 12h09.47.210914 +0530,
213,260,11,90,90,0,l,3.7356768999961787,None,0,90,90,59,532.6168763000023,,532.604905500004,532.6168763000023,533.6179418000029,533.6179418000029,533.6179418000029,537.3683883000049,l,3.7356768999961787,None,001,001,2025-10-28_12h09.40.431,delay_discounting_exp,,2025.1.1,60.00726087796803,2025-10-28 12h09.47.210914 +0530,
197,220,8,91,91,0,t,4.317719600003329,None,0,91,91,87,537.3838533000016,,537.3715146000031,537.3838533000016,538.3683393000028,538.3683393000028,538.3843017000036,542.7015345000036,t,4.317719600003329,None,001,001,2025-10-28_12h09.40.431,delay_discounting_exp,,2025.1.1,60.00726087796803,2025-10-28 12h09.47.210914 +0530,
36,84,12,92,92,0,l,2.6908265000020037,None,0,92,92,49,542.7178093000039,,542.7041460000037,542.7178093000039,543.7015931999995,543.7015931999995,543.7181586000006,546.4013204000003,l,2.6908265000020037,None,001,001,2025-10-28_12h09.40.431,delay_discounting_exp,,2025.1.1,60.00726087796803,2025-10-28 12h09.47.210914 +0530,
106,207,184,93,93,0,l,13.501994899997953,None,0,93,93,89,546.4176959000033,,546.4041151999991,546.4176959000033,547.4018866000042,547.4018866000042,547.4177859000047,560.9191769000026,l,13.501994899997953,None,001,001,2025-10-28_12h09.40.431,delay_discounting_exp,,2025.1.1,60.00726087796803,2025-10-28 12h09.47.210914 +0530,
100,120,180,94,94,0,t,4.388737999994191,None,0,94,94,81,560.9359278000047,,560.9215107999989,560.9359278000047,561.9188072000034,561.9188072000034,561.9362395999997,566.3201929999996,t,4.388737999994191,None,001,001,2025-10-28_12h09.40.431,delay_discounting_exp,,2025.1.1,60.00726087796803,2025-10-28 12h09.47.210914 +0530,
60,97,58,95,95,0,l,6.803419700001541,None,0,95,95,22,566.3359252000009,,566.3232983000053,566.3359252000009,567.3192239000055,567.3192239000055,567.3359846000021,574.1363299000004,l,6.803419700001541,None,001,001,2025-10-28_12h09.40.431,delay_discounting_exp,,2025.1.1,60.00726087796803,2025-10-28 12h09.47.210914 +0530,
188,190,232,96,96,0,t,8.982596699999704,None,0,96,96,68,574.1525493000008,,574.1386746999997,574.1525493000008,575.1365570999988,575.1365570999988,575.1527872000006,584.1207523000048,t,8.982596699999704,None,001,001,2025-10-28_12h09.40.431,delay_discounting_exp,,2025.1.1,60.00726087796803,2025-10-28 12h09.47.210914 +0530,
112,142,6,97,97,0,l,8.978195700001379,None,0,97,97,54,584.1363500000007,,584.1247673000034,584.1363500000007,585.1203176999989,585.1203176999989,585.1366325999988,594.1044394000055,l,8.978195700001379,None,001,001,2025-10-28_12h09.40.431,delay_discounting_exp,,2025.1.1,60.00726087796803,2025-10-28 12h09.47.210914 +0530,
207,210,17,98,98,0,t,2.2062460000015562,None,0,98,98,83,594.1208389000021,,594.1066377000025,594.1208389000021,595.1044882999995,595.1044882999995,595.1209162000014,597.3217031000022,t,2.2062460000015562,None,001,001,2025-10-28_12h09.40.431,delay_discounting_exp,,2025.1.1,60.00726087796803,2025-10-28 12h09.47.210914 +0530,
78,80,162,99,99,0,t,1.739085299996077,None,0,99,99,6,597.3370286999998,,597.3249046000055,597.3370286999998,598.3208809999996,598.3208809999996,598.3374155000056,600.0713556000046,t,1.739085299996077,None,001,001,2025-10-28_12h09.40.431,delay_discounting_exp,,2025.1.1,60.00726087796803,2025-10-28 12h09.47.210914 +0530,
