thisN,thisTrialN,thisRepN,mouse.x,mouse.y,mouse.leftButton,mouse.midButton,mouse.rightButton,mouse.time,mouse.clicked_name,trials.thisRepN,trials.thisTrialN,trials.thisN,trials.thisIndex,thisRow.t,notes,num_distr,trial.started,fixation.started,target.started,mouse.started,trial.stopped,trials.mouse.x,trials.mouse.y,trials.mouse.leftButton,trials.mouse.midButton,trials.mouse.rightButton,trials.mouse.time,trials.mouse.clicked_name,participant,session,date,expName,expVersion,psychopyVersion,frameRate,expStart,
0,0,0,[np.float64(-0.3175925925925926)],[np.float64(-0.45925925925925926)],[1],[0],[0],[1.5584477000011248],['target'],0,0,0,0,0.0731521999987308,,5,0.026219100000162143,0.0731521999987308,0.0731521999987308,0.026248300000588642,1.5847457999989274,[np.float64(-0.3175925925925926)],[np.float64(-0.45925925925925926)],[1],[0],[0],[1.5584477000011248],['target'],2,001,2025-09-28_23h10.29.555,Visual_Search_exp,,2025.1.1,59.65551327293233,2025-09-28 23h10.37.027867 +0530,
1,0,1,[np.float64(0.42685185185185187)],[np.float64(0.4287037037037037)],[1],[0],[0],[1.9311757999967085],['target'],1,0,1,0,1.6059977000004437,,5,1.5960379999996803,1.6059977000004437,1.6059977000004437,0.011177500000485452,3.5272982999995293,[np.float64(0.42685185185185187)],[np.float64(0.4287037037037037)],[1],[0],[0],[1.9311757999967085],['target'],2,001,2025-09-28_23h10.29.555,Visual_Search_exp,,2025.1.1,59.65551327293233,2025-09-28 23h10.37.027867 +0530,
2,0,2,[np.float64(0.26481481481481484)],[np.float64(0.16018518518518518)],[1],[0],[0],[1.917078999998921],['target'],2,0,2,0,3.563992799998232,,10,3.550054799998179,3.563992799998232,3.563992799998232,0.02269449999948847,5.467185800000152,[np.float64(0.26481481481481484)],[np.float64(0.16018518518518518)],[1],[0],[0],[1.917078999998921],['target'],2,001,2025-09-28_23h10.29.555,Visual_Search_exp,,2025.1.1,59.65551327293233,2025-09-28 23h10.37.027867 +0530,
3,0,3,[np.float64(-0.19537037037037036)],[np.float64(-0.14722222222222223)],[1],[0],[0],[2.2375377000025765],['target'],3,0,3,0,5.4915390999995,,5,5.480076799998642,5.4915390999995,5.4915390999995,0.012789799999154638,7.717702300000383,[np.float64(-0.19537037037037036)],[np.float64(-0.14722222222222223)],[1],[0],[0],[2.2375377000025765],['target'],2,001,2025-09-28_23h10.29.555,Visual_Search_exp,,2025.1.1,59.65551327293233,2025-09-28 23h10.37.027867 +0530,
4,0,4,[np.float64(0.15092592592592594)],[np.float64(0.21296296296296297)],[1],[0],[0],[2.375100100001873],['target'],4,0,4,0,7.771244200001092,,10,7.751642600000196,7.771244200001092,7.771244200001092,0.033827600000222446,10.126787900000636,[np.float64(0.15092592592592594)],[np.float64(0.21296296296296297)],[1],[0],[0],[2.375100100001873],['target'],2,001,2025-09-28_23h10.29.555,Visual_Search_exp,,2025.1.1,59.65551327293233,2025-09-28 23h10.37.027867 +0530,
5,0,5,[np.float64(0.08796296296296297)],[np.float64(0.005555555555555556)],[1],[0],[0],[1.683383600000525],['target'],5,0,5,0,10.16101239999989,,10,10.147582599998714,10.16101239999989,10.16101239999989,0.020684600000095088,11.831063199999335,[np.float64(0.08796296296296297)],[np.float64(0.005555555555555556)],[1],[0],[0],[1.683383600000525],['target'],2,001,2025-09-28_23h10.29.555,Visual_Search_exp,,2025.1.1,59.65551327293233,2025-09-28 23h10.37.027867 +0530,
6,0,6,[np.float64(0.11481481481481481)],[np.float64(-0.225)],[1],[0],[0],[3.3983688999978767],['target'],6,0,6,0,11.860294400001294,,5,11.848318199998175,11.860294400001294,11.860294400001294,0.017024599997967016,15.246784999999363,[np.float64(0.11481481481481481)],[np.float64(-0.225)],[1],[0],[0],[3.3983688999978767],['target'],2,001,2025-09-28_23h10.29.555,Visual_Search_exp,,2025.1.1,59.65551327293233,2025-09-28 23h10.37.027867 +0530,
7,0,7,[np.float64(-0.39351851851851855)],[np.float64(0.39166666666666666)],[1],[0],[0],[5.073740899999393],['target'],7,0,7,0,15.299526899998455,,10,15.278882599999633,15.299526899998455,15.299526899998455,0.031955100002960535,20.352703600001405,[np.float64(-0.39351851851851855)],[np.float64(0.39166666666666666)],[1],[0],[0],[5.073740899999393],['target'],2,001,2025-09-28_23h10.29.555,Visual_Search_exp,,2025.1.1,59.65551327293233,2025-09-28 23h10.37.027867 +0530,
8,0,8,[np.float64(0.053703703703703705)],[np.float64(-0.44907407407407407)],[1],[0],[0],[2.9172152999999525],['target'],8,0,8,0,20.38443550000011,,5,20.370128300000943,20.38443550000011,20.38443550000011,0.017263699999602977,23.287431199998537,[np.float64(0.053703703703703705)],[np.float64(-0.44907407407407407)],[1],[0],[0],[2.9172152999999525],['target'],2,001,2025-09-28_23h10.29.555,Visual_Search_exp,,2025.1.1,59.65551327293233,2025-09-28 23h10.37.027867 +0530,
9,0,9,[np.float64(0.18333333333333332)],[np.float64(0.2037037037037037)],[1],[0],[0],[3.7426325999986148],['target'],9,0,9,0,23.335836700000073,,10,23.318886299999576,23.335836700000073,23.335836700000073,0.031287699999666074,27.061582199999975,[np.float64(0.18333333333333332)],[np.float64(0.2037037037037037)],[1],[0],[0],[3.7426325999986148],['target'],2,001,2025-09-28_23h10.29.555,Visual_Search_exp,,2025.1.1,59.65551327293233,2025-09-28 23h10.37.027867 +0530,
10,0,10,[np.float64(-0.05462962962962963)],[np.float64(0.1925925925925926)],[1],[0],[0],[3.911620499999117],['target'],10,0,10,0,27.10941670000102,,10,27.092233600000327,27.10941670000102,27.10941670000102,0.030503699999826495,31.00393780000013,[np.float64(-0.05462962962962963)],[np.float64(0.1925925925925926)],[1],[0],[0],[3.911620499999117],['target'],2,001,2025-09-28_23h10.29.555,Visual_Search_exp,,2025.1.1,59.65551327293233,2025-09-28 23h10.37.027867 +0530,
11,0,11,[np.float64(-0.08425925925925926)],[np.float64(-0.40925925925925927)],[1],[0],[0],[3.7913816000000224],['target'],11,0,11,0,31.05568829999902,,10,31.038084399999207,31.05568829999902,31.05568829999902,0.0339832000026945,34.82955139999831,[np.float64(-0.08425925925925926)],[np.float64(-0.40925925925925927)],[1],[0],[0],[3.7913816000000224],['target'],2,001,2025-09-28_23h10.29.555,Visual_Search_exp,,2025.1.1,59.65551327293233,2025-09-28 23h10.37.027867 +0530,
12,0,12,[np.float64(-0.13703703703703704)],[np.float64(0.06111111111111111)],[1],[0],[0],[3.6240957000009075],['target'],12,0,12,0,34.881898999999976,,10,34.86363680000068,34.881898999999976,34.881898999999976,0.03392650000023423,38.487821599999734,[np.float64(-0.13703703703703704)],[np.float64(0.06111111111111111)],[1],[0],[0],[3.6240957000009075],['target'],2,001,2025-09-28_23h10.29.555,Visual_Search_exp,,2025.1.1,59.65551327293233,2025-09-28 23h10.37.027867 +0530,
13,0,13,[np.float64(-0.22777777777777777)],[np.float64(-0.21296296296296297)],[1],[0],[0],[1.9499322999981814],['target'],13,0,13,0,38.51953280000089,,5,38.50487140000041,38.51953280000089,38.51953280000089,0.01688800000192714,40.45488040000055,[np.float64(-0.22777777777777777)],[np.float64(-0.21296296296296297)],[1],[0],[0],[1.9499322999981814],['target'],2,001,2025-09-28_23h10.29.555,Visual_Search_exp,,2025.1.1,59.65551327293233,2025-09-28 23h10.37.027867 +0530,
14,0,14,[np.float64(-0.03148148148148148)],[np.float64(0.026851851851851852)],[1],[0],[0],[7.617420599999605],['target'],14,0,14,0,40.486036300000706,,5,40.47177759999977,40.486036300000706,40.486036300000706,0.016784600000391947,48.08927490000133,[np.float64(-0.03148148148148148)],[np.float64(0.026851851851851852)],[1],[0],[0],[7.617420599999605],['target'],2,001,2025-09-28_23h10.29.555,Visual_Search_exp,,2025.1.1,59.65551327293233,2025-09-28 23h10.37.027867 +0530,
15,0,15,[np.float64(0.012037037037037037)],[np.float64(0.337037037037037)],[1],[0],[0],[2.192990600000485],['target'],15,0,15,0,48.13817729999937,,10,48.12093340000138,48.13817729999937,48.13817729999937,0.031538899998849956,50.3140029999995,[np.float64(0.012037037037037037)],[np.float64(0.337037037037037)],[1],[0],[0],[2.192990600000485],['target'],2,001,2025-09-28_23h10.29.555,Visual_Search_exp,,2025.1.1,59.65551327293233,2025-09-28 23h10.37.027867 +0530,
16,0,16,[np.float64(-0.43148148148148147)],[np.float64(0.04259259259259259)],[1],[0],[0],[2.473199600000953],['target'],16,0,16,0,50.36761969999861,,10,50.34924419999879,50.36761969999861,50.36761969999861,0.0350709000013012,52.82252520000111,[np.float64(-0.43148148148148147)],[np.float64(0.04259259259259259)],[1],[0],[0],[2.473199600000953],['target'],2,001,2025-09-28_23h10.29.555,Visual_Search_exp,,2025.1.1,59.65551327293233,2025-09-28 23h10.37.027867 +0530,
17,0,17,[np.float64(0.04351851851851852)],[np.float64(-0.25462962962962965)],[1],[0],[0],[2.0432309999996505],[None],17,0,17,0,52.87293700000009,,10,52.85482110000157,52.87293700000009,52.87293700000009,0.03213619999951334,54.89814059999844,[np.float64(0.04351851851851852)],[np.float64(-0.25462962962962965)],[1],[0],[0],[2.0432309999996505],[None],2,001,2025-09-28_23h10.29.555,Visual_Search_exp,,2025.1.1,59.65551327293233,2025-09-28 23h10.37.027867 +0530,
18,0,18,[np.float64(0.35185185185185186)],[np.float64(0.25462962962962965)],[1],[0],[0],[2.0846984999989218],['target'],18,0,18,0,54.92927129999953,,5,54.91511299999911,54.92927129999953,54.92927129999953,0.016802699999971082,56.99990210000033,[np.float64(0.35185185185185186)],[np.float64(0.25462962962962965)],[1],[0],[0],[2.0846984999989218],['target'],2,001,2025-09-28_23h10.29.555,Visual_Search_exp,,2025.1.1,59.65551327293233,2025-09-28 23h10.37.027867 +0530,
19,0,19,[np.float64(0.34444444444444444)],[np.float64(-0.32037037037037036)],[1],[0],[0],[2.8185277999982645],['target'],19,0,19,0,57.03147249999893,,5,57.016982299999654,57.03147249999893,57.03147249999893,0.016853499997523613,59.83559360000072,[np.float64(0.34444444444444444)],[np.float64(-0.32037037037037036)],[1],[0],[0],[2.8185277999982645],['target'],2,001,2025-09-28_23h10.29.555,Visual_Search_exp,,2025.1.1,59.65551327293233,2025-09-28 23h10.37.027867 +0530,
20,0,20,[np.float64(0.3194444444444444)],[np.float64(-0.30648148148148147)],[1],[0],[0],[1.6418432000027678],['target'],20,0,20,0,59.885487399998965,,10,59.86799650000103,59.885487399998965,59.885487399998965,0.032265100002405234,61.509992799998145,[np.float64(0.3194444444444444)],[np.float64(-0.30648148148148147)],[1],[0],[0],[1.6418432000027678],['target'],2,001,2025-09-28_23h10.29.555,Visual_Search_exp,,2025.1.1,59.65551327293233,2025-09-28 23h10.37.027867 +0530,
21,0,21,[np.float64(0.1398148148148148)],[np.float64(0.3055555555555556)],[1],[0],[0],[4.1253515999997035],['target'],21,0,21,0,61.56086929999947,,10,61.54265600000144,61.56086929999947,61.56086929999947,0.032391199998528464,65.66808759999913,[np.float64(0.1398148148148148)],[np.float64(0.3055555555555556)],[1],[0],[0],[4.1253515999997035],['target'],2,001,2025-09-28_23h10.29.555,Visual_Search_exp,,2025.1.1,59.65551327293233,2025-09-28 23h10.37.027867 +0530,
22,0,22,[np.float64(0.49722222222222223)],[np.float64(-0.06574074074074074)],[1],[0],[0],[2.917555700001685],['target'],22,0,22,0,65.69972250000137,,5,65.68521889999829,65.69972250000137,65.69972250000137,0.016964599999482743,68.60286819999965,[np.float64(0.49722222222222223)],[np.float64(-0.06574074074074074)],[1],[0],[0],[2.917555700001685],['target'],2,001,2025-09-28_23h10.29.555,Visual_Search_exp,,2025.1.1,59.65551327293233,2025-09-28 23h10.37.027867 +0530,
23,0,23,[np.float64(0.412962962962963)],[np.float64(0.05555555555555555)],[1],[0],[0],[2.459041400001297],['target'],23,0,23,0,68.65354310000112,,10,68.63586550000036,68.65354310000112,68.65354310000112,0.032861600000615,71.0953128000001,[np.float64(0.412962962962963)],[np.float64(0.05555555555555555)],[1],[0],[0],[2.459041400001297],['target'],2,001,2025-09-28_23h10.29.555,Visual_Search_exp,,2025.1.1,59.65551327293233,2025-09-28 23h10.37.027867 +0530,
24,0,24,[np.float64(0.35555555555555557)],[np.float64(0.2833333333333333)],[1],[0],[0],[2.5330921999993734],['target'],24,0,24,0,71.12555359999897,,5,71.11267990000124,71.12555359999897,71.12555359999897,0.016948800002865028,73.64585820000138,[np.float64(0.35555555555555557)],[np.float64(0.2833333333333333)],[1],[0],[0],[2.5330921999993734],['target'],2,001,2025-09-28_23h10.29.555,Visual_Search_exp,,2025.1.1,59.65551327293233,2025-09-28 23h10.37.027867 +0530,
25,0,25,[np.float64(0.4638888888888889)],[np.float64(0.2962962962962963)],[1],[0],[0],[2.418057399998361],['target'],25,0,25,0,73.67767580000145,,5,73.6638778000015,73.67767580000145,73.67767580000145,0.0178853999968851,76.08203890000004,[np.float64(0.4638888888888889)],[np.float64(0.2962962962962963)],[1],[0],[0],[2.418057399998361],['target'],2,001,2025-09-28_23h10.29.555,Visual_Search_exp,,2025.1.1,59.65551327293233,2025-09-28 23h10.37.027867 +0530,
26,0,26,[np.float64(0.1814814814814815)],[np.float64(-0.19814814814814816)],[1],[0],[0],[2.4226899999994203],['target'],26,0,26,0,76.13472349999938,,10,76.1167893999991,76.13472349999938,76.13472349999938,0.03456220000225585,78.53956190000099,[np.float64(0.1814814814814815)],[np.float64(-0.19814814814814816)],[1],[0],[0],[2.4226899999994203],['target'],2,001,2025-09-28_23h10.29.555,Visual_Search_exp,,2025.1.1,59.65551327293233,2025-09-28 23h10.37.027867 +0530,
27,0,27,[np.float64(-0.4759259259259259)],[np.float64(0.1638888888888889)],[1],[0],[0],[2.8066109999999753],['target'],27,0,27,0,78.59260559999893,,10,78.573739200001,78.59260559999893,78.59260559999893,0.034118599996872945,81.3804138000014,[np.float64(-0.4759259259259259)],[np.float64(0.1638888888888889)],[1],[0],[0],[2.8066109999999753],['target'],2,001,2025-09-28_23h10.29.555,Visual_Search_exp,,2025.1.1,59.65551327293233,2025-09-28 23h10.37.027867 +0530,
28,0,28,[np.float64(-0.36203703703703705)],[np.float64(0.3277777777777778)],[1],[0],[0],[2.1461744000007457],['target'],28,0,28,0,81.42619130000094,,10,81.41042970000126,81.42619130000094,81.42619130000094,0.02976430000126129,83.55668959999821,[np.float64(-0.36203703703703705)],[np.float64(0.3277777777777778)],[1],[0],[0],[2.1461744000007457],['target'],2,001,2025-09-28_23h10.29.555,Visual_Search_exp,,2025.1.1,59.65551327293233,2025-09-28 23h10.37.027867 +0530,
29,0,29,[np.float64(-0.046296296296296294)],[np.float64(0.06111111111111111)],[1],[0],[0],[2.632980899998074],[None],29,0,29,0,83.58777729999929,,5,83.57478049999918,83.58777729999929,83.58777729999929,0.017926500000612577,86.20796859999973,[np.float64(-0.046296296296296294)],[np.float64(0.06111111111111111)],[1],[0],[0],[2.632980899998074],[None],2,001,2025-09-28_23h10.29.555,Visual_Search_exp,,2025.1.1,59.65551327293233,2025-09-28 23h10.37.027867 +0530,
30,0,30,[np.float64(0.13148148148148148)],[np.float64(-0.3398148148148148)],[1],[0],[0],[2.584240200001659],['target'],30,0,30,0,86.24240439999994,,5,86.2276286999986,86.24240439999994,86.24240439999994,0.019535999999789055,88.81196540000019,[np.float64(0.13148148148148148)],[np.float64(-0.3398148148148148)],[1],[0],[0],[2.584240200001659],['target'],2,001,2025-09-28_23h10.29.555,Visual_Search_exp,,2025.1.1,59.65551327293233,2025-09-28 23h10.37.027867 +0530,
31,0,31,[np.float64(-0.35648148148148145)],[np.float64(0.30092592592592593)],[1],[0],[0],[3.3346462000008614],['target'],31,0,31,0,88.84490880000158,,5,88.83055130000139,88.84490880000158,88.84490880000158,0.018454299999575596,92.1652596999993,[np.float64(-0.35648148148148145)],[np.float64(0.30092592592592593)],[1],[0],[0],[3.3346462000008614],['target'],2,001,2025-09-28_23h10.29.555,Visual_Search_exp,,2025.1.1,59.65551327293233,2025-09-28 23h10.37.027867 +0530,
32,0,32,[np.float64(0.11296296296296296)],[np.float64(-0.19814814814814816)],[1],[0],[0],[5.159383099999104],['target'],32,0,32,0,92.2156748999987,,10,92.19708919999903,92.2156748999987,92.2156748999987,0.031722800002171425,97.35654390000127,[np.float64(0.11296296296296296)],[np.float64(-0.19814814814814816)],[1],[0],[0],[5.159383099999104],['target'],2,001,2025-09-28_23h10.29.555,Visual_Search_exp,,2025.1.1,59.65551327293233,2025-09-28 23h10.37.027867 +0530,
33,0,33,[np.float64(-0.39537037037037037)],[np.float64(-0.15462962962962962)],[1],[0],[0],[3.2894114999980957],['target'],33,0,33,0,97.41047709999839,,10,97.39189020000049,97.41047709999839,97.41047709999839,0.035158800001227064,100.68138739999995,[np.float64(-0.39537037037037037)],[np.float64(-0.15462962962962962)],[1],[0],[0],[3.2894114999980957],['target'],2,001,2025-09-28_23h10.29.555,Visual_Search_exp,,2025.1.1,59.65551327293233,2025-09-28 23h10.37.027867 +0530,
34,0,34,[np.float64(0.1537037037037037)],[np.float64(0.11388888888888889)],[1],[0],[0],[2.927814099999523],[None],34,0,34,0,100.72890819999884,,10,100.7121890999988,100.72890819999884,100.72890819999884,0.030612700000347104,103.64006840000002,[np.float64(0.1537037037037037)],[np.float64(0.11388888888888889)],[1],[0],[0],[2.927814099999523],[None],2,001,2025-09-28_23h10.29.555,Visual_Search_exp,,2025.1.1,59.65551327293233,2025-09-28 23h10.37.027867 +0530,
35,0,35,[np.float64(0.058333333333333334)],[np.float64(-0.225)],[1],[0],[0],[2.24439170000187],['target'],35,0,35,0,103.68828020000001,,10,103.6705765000006,103.68828020000001,103.68828020000001,0.030357899999216897,105.91509320000114,[np.float64(0.058333333333333334)],[np.float64(-0.225)],[1],[0],[0],[2.24439170000187],['target'],2,001,2025-09-28_23h10.29.555,Visual_Search_exp,,2025.1.1,59.65551327293233,2025-09-28 23h10.37.027867 +0530,
36,0,36,[np.float64(-0.3611111111111111)],[np.float64(-0.10092592592592593)],[1],[0],[0],[1.933712400001241],['target'],36,0,36,0,105.9457321000009,,5,105.93130559999918,105.9457321000009,105.9457321000009,0.016051599999627797,107.86508269999831,[np.float64(-0.3611111111111111)],[np.float64(-0.10092592592592593)],[1],[0],[0],[1.933712400001241],['target'],2,001,2025-09-28_23h10.29.555,Visual_Search_exp,,2025.1.1,59.65551327293233,2025-09-28 23h10.37.027867 +0530,
37,0,37,[np.float64(-0.4212962962962963)],[np.float64(0.32407407407407407)],[1],[0],[0],[2.601306900000054],['target'],37,0,37,0,107.90288259999943,,10,107.88798210000095,107.90288259999943,107.90288259999943,0.022801600000093458,110.48937830000068,[np.float64(-0.4212962962962963)],[np.float64(0.32407407407407407)],[1],[0],[0],[2.601306900000054],['target'],2,001,2025-09-28_23h10.29.555,Visual_Search_exp,,2025.1.1,59.65551327293233,2025-09-28 23h10.37.027867 +0530,
38,0,38,[np.float64(0.21388888888888888)],[np.float64(0.43148148148148147)],[1],[0],[0],[3.6728818000010506],['target'],38,0,38,0,110.5431752000004,,10,110.52517050000097,110.5431752000004,110.5431752000004,0.035625399999844376,114.19813029999932,[np.float64(0.21388888888888888)],[np.float64(0.43148148148148147)],[1],[0],[0],[3.6728818000010506],['target'],2,001,2025-09-28_23h10.29.555,Visual_Search_exp,,2025.1.1,59.65551327293233,2025-09-28 23h10.37.027867 +0530,
39,0,39,[np.float64(0.18796296296296297)],[np.float64(0.25555555555555554)],[1],[0],[0],[3.935510699997394],['target'],39,0,39,0,114.23073310000109,,5,114.21538839999994,114.23073310000109,114.23073310000109,0.017099800003052223,118.15106599999854,[np.float64(0.18796296296296297)],[np.float64(0.25555555555555554)],[1],[0],[0],[3.935510699997394],['target'],2,001,2025-09-28_23h10.29.555,Visual_Search_exp,,2025.1.1,59.65551327293233,2025-09-28 23h10.37.027867 +0530,
40,0,40,[np.float64(-0.4537037037037037)],[np.float64(-0.337037037037037)],[1],[0],[0],[3.9335474999970756],['target'],40,0,40,0,118.18184969999857,,5,118.16767479999908,118.18184969999857,118.18184969999857,0.016463399999338435,122.10129930000039,[np.float64(-0.4537037037037037)],[np.float64(-0.337037037037037)],[1],[0],[0],[3.9335474999970756],['target'],2,001,2025-09-28_23h10.29.555,Visual_Search_exp,,2025.1.1,59.65551327293233,2025-09-28 23h10.37.027867 +0530,
41,0,41,[np.float64(-0.45740740740740743)],[np.float64(-0.4)],[1],[0],[0],[2.517769899997802],['target'],41,0,41,0,122.13326759999836,,5,122.11907380000048,122.13326759999836,122.13326759999836,0.017653599999903236,124.6369306000015,[np.float64(-0.45740740740740743)],[np.float64(-0.4)],[1],[0],[0],[2.517769899997802],['target'],2,001,2025-09-28_23h10.29.555,Visual_Search_exp,,2025.1.1,59.65551327293233,2025-09-28 23h10.37.027867 +0530,
42,0,42,[np.float64(0.4111111111111111)],[np.float64(-0.40925925925925927)],[1],[0],[0],[4.025342699998873],['target'],42,0,42,0,124.68656280000141,,10,124.66895680000016,124.68656280000141,124.68656280000141,0.03190019999965443,128.69435199999862,[np.float64(0.4111111111111111)],[np.float64(-0.40925925925925927)],[1],[0],[0],[4.025342699998873],['target'],2,001,2025-09-28_23h10.29.555,Visual_Search_exp,,2025.1.1,59.65551327293233,2025-09-28 23h10.37.027867 +0530,
43,0,43,[np.float64(0.47314814814814815)],[np.float64(-0.08425925925925926)],[1],[0],[0],[2.0697414000023855],['target'],43,0,43,0,128.71930630000134,,5,128.70888120000018,128.71930630000134,128.71930630000134,0.01441040000281646,130.77869550000105,[np.float64(0.47314814814814815)],[np.float64(-0.08425925925925926)],[1],[0],[0],[2.0697414000023855],['target'],2,001,2025-09-28_23h10.29.555,Visual_Search_exp,,2025.1.1,59.65551327293233,2025-09-28 23h10.37.027867 +0530,
44,0,44,[np.float64(-0.12222222222222222)],[np.float64(0.009259259259259259)],[1],[0],[0],[2.1537616000023263],['target'],44,0,44,0,130.8039005999999,,5,130.79163139999946,130.8039005999999,130.8039005999999,0.01283780000085244,132.9454732999984,[np.float64(-0.12222222222222222)],[np.float64(0.009259259259259259)],[1],[0],[0],[2.1537616000023263],['target'],2,001,2025-09-28_23h10.29.555,Visual_Search_exp,,2025.1.1,59.65551327293233,2025-09-28 23h10.37.027867 +0530,
45,0,45,[np.float64(-0.4527777777777778)],[np.float64(-0.1638888888888889)],[1],[0],[0],[2.20582750000176],['target'],45,0,45,0,132.99806149999858,,10,132.98096860000078,132.99806149999858,132.99806149999858,0.03536149999854388,135.186875899999,[np.float64(-0.4527777777777778)],[np.float64(-0.1638888888888889)],[1],[0],[0],[2.20582750000176],['target'],2,001,2025-09-28_23h10.29.555,Visual_Search_exp,,2025.1.1,59.65551327293233,2025-09-28 23h10.37.027867 +0530,
46,0,46,[np.float64(-0.2074074074074074)],[np.float64(0.023148148148148147)],[1],[0],[0],[2.402074600002379],['target'],46,0,46,0,135.22132229999988,,5,135.2052818000011,135.22132229999988,135.22132229999988,0.0182280000008177,137.60745690000113,[np.float64(-0.2074074074074074)],[np.float64(0.023148148148148147)],[1],[0],[0],[2.402074600002379],['target'],2,001,2025-09-28_23h10.29.555,Visual_Search_exp,,2025.1.1,59.65551327293233,2025-09-28 23h10.37.027867 +0530,
47,0,47,[np.float64(0.32314814814814813)],[np.float64(-0.39444444444444443)],[1],[0],[0],[4.066816499998822],['target'],47,0,47,0,137.63853459999882,,5,137.62478099999862,137.63853459999882,137.63853459999882,0.017199400001118192,141.69167319999906,[np.float64(0.32314814814814813)],[np.float64(-0.39444444444444443)],[1],[0],[0],[4.066816499998822],['target'],2,001,2025-09-28_23h10.29.555,Visual_Search_exp,,2025.1.1,59.65551327293233,2025-09-28 23h10.37.027867 +0530,
48,0,48,[np.float64(0.03888888888888889)],[np.float64(-0.34074074074074073)],[1],[0],[0],[1.7598938999981328],['target'],48,0,48,0,141.7420772000005,,10,141.72294699999838,141.7420772000005,141.7420772000005,0.0311675999982981,143.48289509999813,[np.float64(0.03888888888888889)],[np.float64(-0.34074074074074073)],[1],[0],[0],[1.7598938999981328],['target'],2,001,2025-09-28_23h10.29.555,Visual_Search_exp,,2025.1.1,59.65551327293233,2025-09-28 23h10.37.027867 +0530,
49,0,49,[np.float64(-0.1425925925925926)],[np.float64(0.013888888888888888)],[1],[0],[0],[1.7695113999980094],['target'],49,0,49,0,143.5078667000016,,5,143.49755369999912,143.5078667000016,143.5078667000016,0.01453889999902458,145.26715649999824,[np.float64(-0.1425925925925926)],[np.float64(0.013888888888888888)],[1],[0],[0],[1.7695113999980094],['target'],2,001,2025-09-28_23h10.29.555,Visual_Search_exp,,2025.1.1,59.65551327293233,2025-09-28 23h10.37.027867 +0530,
50,0,50,[np.float64(0.018518518518518517)],[np.float64(-0.009259259259259259)],[1],[0],[0],[1.871089000000211],[None],50,0,50,0,145.3223352999994,,10,145.30382439999812,145.3223352999994,145.3223352999994,0.03654540000206907,147.17504180000105,[np.float64(0.018518518518518517)],[np.float64(-0.009259259259259259)],[1],[0],[0],[1.871089000000211],[None],2,001,2025-09-28_23h10.29.555,Visual_Search_exp,,2025.1.1,59.65551327293233,2025-09-28 23h10.37.027867 +0530,
51,0,51,[np.float64(0.06574074074074074)],[np.float64(0.09444444444444444)],[1],[0],[0],[3.257050200001686],['target'],51,0,51,0,147.22616560000097,,10,147.20887999999832,147.22616560000097,147.22616560000097,0.03356780000103754,150.46599680000145,[np.float64(0.06574074074074074)],[np.float64(0.09444444444444444)],[1],[0],[0],[3.257050200001686],['target'],2,001,2025-09-28_23h10.29.555,Visual_Search_exp,,2025.1.1,59.65551327293233,2025-09-28 23h10.37.027867 +0530,
52,0,52,[np.float64(-0.14722222222222223)],[np.float64(0.09722222222222222)],[1],[0],[0],[1.6796953999983089],['target'],52,0,52,0,150.51251469999988,,10,150.49564299999838,150.51251469999988,150.51251469999988,0.029497399998945184,152.17540949999966,[np.float64(-0.14722222222222223)],[np.float64(0.09722222222222222)],[1],[0],[0],[1.6796953999983089],['target'],2,001,2025-09-28_23h10.29.555,Visual_Search_exp,,2025.1.1,59.65551327293233,2025-09-28 23h10.37.027867 +0530,
53,0,53,[np.float64(-0.11296296296296296)],[np.float64(0.03425925925925926)],[1],[0],[0],[1.243156699998508],['target'],53,0,53,0,152.22525490000044,,10,152.20707649999895,152.22525490000044,152.22525490000044,0.03151629999774741,153.4503181,[np.float64(-0.11296296296296296)],[np.float64(0.03425925925925926)],[1],[0],[0],[1.243156699998508],['target'],2,001,2025-09-28_23h10.29.555,Visual_Search_exp,,2025.1.1,59.65551327293233,2025-09-28 23h10.37.027867 +0530,
54,0,54,[np.float64(0.09814814814814815)],[np.float64(0.43796296296296294)],[1],[0],[0],[5.300584199998411],['target'],54,0,54,0,153.48236550000001,,5,153.46802300000127,153.48236550000001,153.48236550000001,0.017411900000297464,158.768682599999,[np.float64(0.09814814814814815)],[np.float64(0.43796296296296294)],[1],[0],[0],[5.300584199998411],['target'],2,001,2025-09-28_23h10.29.555,Visual_Search_exp,,2025.1.1,59.65551327293233,2025-09-28 23h10.37.027867 +0530,
55,0,55,[np.float64(-0.1287037037037037)],[np.float64(0.24814814814814815)],[1],[0],[0],[1.3939720999987912],['target'],55,0,55,0,158.81710469999962,,10,158.8001132999998,158.81710469999962,158.81710469999962,0.03130570000212174,160.19417339999927,[np.float64(-0.1287037037037037)],[np.float64(0.24814814814814815)],[1],[0],[0],[1.3939720999987912],['target'],2,001,2025-09-28_23h10.29.555,Visual_Search_exp,,2025.1.1,59.65551327293233,2025-09-28 23h10.37.027867 +0530,
56,0,56,[np.float64(0.23148148148148148)],[np.float64(0.025925925925925925)],[1],[0],[0],[2.0665574000013294],['target'],56,0,56,0,160.2259094000001,,5,160.2117345000006,160.2259094000001,160.2259094000001,0.017278600000281585,162.27835369999957,[np.float64(0.23148148148148148)],[np.float64(0.025925925925925925)],[1],[0],[0],[2.0665574000013294],['target'],2,001,2025-09-28_23h10.29.555,Visual_Search_exp,,2025.1.1,59.65551327293233,2025-09-28 23h10.37.027867 +0530,
57,0,57,[np.float64(0.15833333333333333)],[np.float64(-0.0962962962962963)],[1],[0],[0],[1.7958993000029295],['target'],57,0,57,0,162.32519669999965,,10,162.3078819000002,162.32519669999965,162.32519669999965,0.029407900001388043,164.10384720000002,[np.float64(0.15833333333333333)],[np.float64(-0.0962962962962963)],[1],[0],[0],[1.7958993000029295],['target'],2,001,2025-09-28_23h10.29.555,Visual_Search_exp,,2025.1.1,59.65551327293233,2025-09-28 23h10.37.027867 +0530,
58,0,58,[np.float64(-0.19814814814814816)],[np.float64(-0.1287037037037037)],[1],[0],[0],[1.8120918000022357],['target'],58,0,58,0,164.15039590000015,,10,164.13353970000026,164.15039590000015,164.15039590000015,0.029543100001319544,165.94573010000022,[np.float64(-0.19814814814814816)],[np.float64(-0.1287037037037037)],[1],[0],[0],[1.8120918000022357],['target'],2,001,2025-09-28_23h10.29.555,Visual_Search_exp,,2025.1.1,59.65551327293233,2025-09-28 23h10.37.027867 +0530,
59,0,59,[np.float64(0.06111111111111111)],[np.float64(0.09537037037037037)],[1],[0],[0],[1.867661100000987],['target'],59,0,59,0,165.97671210000044,,5,165.96265080000012,165.97671210000044,165.97671210000044,0.016714800000045216,167.83041500000036,[np.float64(0.06111111111111111)],[np.float64(0.09537037037037037)],[1],[0],[0],[1.867661100000987],['target'],2,001,2025-09-28_23h10.29.555,Visual_Search_exp,,2025.1.1,59.65551327293233,2025-09-28 23h10.37.027867 +0530,
60,0,60,[np.float64(-0.07314814814814814)],[np.float64(-0.3787037037037037)],[1],[0],[0],[5.137448699999368],['target'],60,0,60,0,167.8861324999998,,10,167.86869410000145,167.8861324999998,167.8861324999998,0.038113099999463884,173.00621880000108,[np.float64(-0.07314814814814814)],[np.float64(-0.3787037037037037)],[1],[0],[0],[5.137448699999368],['target'],2,001,2025-09-28_23h10.29.555,Visual_Search_exp,,2025.1.1,59.65551327293233,2025-09-28 23h10.37.027867 +0530,
61,0,61,[np.float64(-0.06759259259259259)],[np.float64(-0.0712962962962963)],[1],[0],[0],[1.2925001999974484],[None],61,0,61,0,173.05590989999837,,10,173.03852310000002,173.05590989999837,173.05590989999837,0.032139099999767495,174.33110149999993,[np.float64(-0.06759259259259259)],[np.float64(-0.0712962962962963)],[1],[0],[0],[1.2925001999974484],[None],2,001,2025-09-28_23h10.29.555,Visual_Search_exp,,2025.1.1,59.65551327293233,2025-09-28 23h10.37.027867 +0530,
62,0,62,[np.float64(0.2111111111111111)],[np.float64(-0.009259259259259259)],[1],[0],[0],[2.3014919999986887],['target'],62,0,62,0,174.3596581999991,,5,174.34738740000103,174.3596581999991,174.3596581999991,0.01614020000124583,176.64896389999922,[np.float64(0.2111111111111111)],[np.float64(-0.009259259259259259)],[1],[0],[0],[2.3014919999986887],['target'],2,001,2025-09-28_23h10.29.555,Visual_Search_exp,,2025.1.1,59.65551327293233,2025-09-28 23h10.37.027867 +0530,
63,0,63,[np.float64(-0.16296296296296298)],[np.float64(-0.14814814814814814)],[1],[0],[0],[3.0391006999998353],['target'],63,0,63,0,176.7012293000007,,10,176.68362699999852,176.7012293000007,176.7012293000007,0.03453580000132206,179.7227896000004,[np.float64(-0.16296296296296298)],[np.float64(-0.14814814814814814)],[1],[0],[0],[3.0391006999998353],['target'],2,001,2025-09-28_23h10.29.555,Visual_Search_exp,,2025.1.1,59.65551327293233,2025-09-28 23h10.37.027867 +0530,
64,0,64,[np.float64(-0.3074074074074074)],[np.float64(-0.13518518518518519)],[1],[0],[0],[2.710557999998855],['target'],64,0,64,0,179.77090640000097,,10,179.75390519999928,179.77090640000097,179.77090640000097,0.03097179999895161,182.46453499999916,[np.float64(-0.3074074074074074)],[np.float64(-0.13518518518518519)],[1],[0],[0],[2.710557999998855],['target'],2,001,2025-09-28_23h10.29.555,Visual_Search_exp,,2025.1.1,59.65551327293233,2025-09-28 23h10.37.027867 +0530,
65,0,65,[np.float64(0.016666666666666666)],[np.float64(0.3851851851851852)],[1],[0],[0],[2.1536908999987645],['target'],65,0,65,0,182.48950360000163,,5,182.47822820000147,182.48950360000163,182.48950360000163,0.013574299999163486,184.6320110000015,[np.float64(0.016666666666666666)],[np.float64(0.3851851851851852)],[1],[0],[0],[2.1536908999987645],['target'],2,001,2025-09-28_23h10.29.555,Visual_Search_exp,,2025.1.1,59.65551327293233,2025-09-28 23h10.37.027867 +0530,
66,0,66,[np.float64(-0.375)],[np.float64(-0.36574074074074076)],[1],[0],[0],[3.8500768999983848],['target'],66,0,66,0,184.66295040000114,,5,184.64883140000165,184.66295040000114,184.66295040000114,0.01669449999826611,188.49898739999844,[np.float64(-0.375)],[np.float64(-0.36574074074074076)],[1],[0],[0],[3.8500768999983848],['target'],2,001,2025-09-28_23h10.29.555,Visual_Search_exp,,2025.1.1,59.65551327293233,2025-09-28 23h10.37.027867 +0530,
67,0,67,[np.float64(-0.22037037037037038)],[np.float64(0.4222222222222222)],[1],[0],[0],[4.0681558000032965],[None],67,0,67,0,188.53168260000166,,5,188.51744459999827,188.53168260000166,188.53168260000166,0.018335500000830507,192.58578240000134,[np.float64(-0.22037037037037038)],[np.float64(0.4222222222222222)],[1],[0],[0],[4.0681558000032965],[None],2,001,2025-09-28_23h10.29.555,Visual_Search_exp,,2025.1.1,59.65551327293233,2025-09-28 23h10.37.027867 +0530,
68,0,68,[np.float64(0.019444444444444445)],[np.float64(0.46574074074074073)],[1],[0],[0],[5.267007700000249],['target'],68,0,68,0,192.6173192999995,,5,192.60265969999818,192.6173192999995,192.6173192999995,0.016761099999712314,197.8697280999986,[np.float64(0.019444444444444445)],[np.float64(0.46574074074074073)],[1],[0],[0],[5.267007700000249],['target'],2,001,2025-09-28_23h10.29.555,Visual_Search_exp,,2025.1.1,59.65551327293233,2025-09-28 23h10.37.027867 +0530,
69,0,69,[np.float64(-0.47685185185185186)],[np.float64(0.22777777777777777)],[1],[0],[0],[2.025447799998801],['target'],69,0,69,0,197.92129280000154,,10,197.90299940000114,197.92129280000154,197.92129280000154,0.03315619999921182,199.92852520000088,[np.float64(-0.47685185185185186)],[np.float64(0.22777777777777777)],[1],[0],[0],[2.025447799998801],['target'],2,001,2025-09-28_23h10.29.555,Visual_Search_exp,,2025.1.1,59.65551327293233,2025-09-28 23h10.37.027867 +0530,
70,0,70,[np.float64(0.06111111111111111)],[np.float64(-0.3731481481481482)],[1],[0],[0],[3.5168215000012424],['target'],70,0,70,0,199.95912189999945,,5,199.94585899999947,199.95912189999945,199.95912189999945,0.01717610000196146,203.4628128000004,[np.float64(0.06111111111111111)],[np.float64(-0.3731481481481482)],[1],[0],[0],[3.5168215000012424],['target'],2,001,2025-09-28_23h10.29.555,Visual_Search_exp,,2025.1.1,59.65551327293233,2025-09-28 23h10.37.027867 +0530,
71,0,71,[np.float64(-0.2)],[np.float64(0.2851851851851852)],[1],[0],[0],[2.644104299997707],[None],71,0,71,0,203.51056560000143,,10,203.49266490000082,203.51056560000143,203.51056560000143,0.029700099999899976,206.13685370000167,[np.float64(-0.2)],[np.float64(0.2851851851851852)],[1],[0],[0],[2.644104299997707],[None],2,001,2025-09-28_23h10.29.555,Visual_Search_exp,,2025.1.1,59.65551327293233,2025-09-28 23h10.37.027867 +0530,
72,0,72,[np.float64(0.11666666666666667)],[np.float64(0.044444444444444446)],[1],[0],[0],[3.0940244999983406],['target'],72,0,72,0,206.1874820999983,,10,206.16895870000008,206.1874820999983,206.1874820999983,0.031947899999067886,209.2630676000008,[np.float64(0.11666666666666667)],[np.float64(0.044444444444444446)],[1],[0],[0],[3.0940244999983406],['target'],2,001,2025-09-28_23h10.29.555,Visual_Search_exp,,2025.1.1,59.65551327293233,2025-09-28 23h10.37.027867 +0530,
73,0,73,[np.float64(0.23055555555555557)],[np.float64(0.046296296296296294)],[1],[0],[0],[1.6691376999988279],[None],73,0,73,0,209.29621209999823,,5,209.28155419999894,209.29621209999823,209.29621209999823,0.018275200000061886,210.95076550000158,[np.float64(0.23055555555555557)],[np.float64(0.046296296296296294)],[1],[0],[0],[1.6691376999988279],[None],2,001,2025-09-28_23h10.29.555,Visual_Search_exp,,2025.1.1,59.65551327293233,2025-09-28 23h10.37.027867 +0530,
74,0,74,[np.float64(0.4703703703703704)],[np.float64(0.1814814814814815)],[1],[0],[0],[1.2893229000001156],['target'],74,0,74,0,211.00396190000174,,10,210.984857200001,211.00396190000174,211.00396190000174,0.03393090000099619,212.27426220000052,[np.float64(0.4703703703703704)],[np.float64(0.1814814814814815)],[1],[0],[0],[1.2893229000001156],['target'],2,001,2025-09-28_23h10.29.555,Visual_Search_exp,,2025.1.1,59.65551327293233,2025-09-28 23h10.37.027867 +0530,
75,0,75,[np.float64(-0.027777777777777776)],[np.float64(0.1037037037037037)],[1],[0],[0],[2.6847918999992544],[None],75,0,75,0,212.3063398000013,,5,212.29168189999837,212.3063398000013,212.3063398000013,0.017257600000448292,214.97655419999865,[np.float64(-0.027777777777777776)],[np.float64(0.1037037037037037)],[1],[0],[0],[2.6847918999992544],[None],2,001,2025-09-28_23h10.29.555,Visual_Search_exp,,2025.1.1,59.65551327293233,2025-09-28 23h10.37.027867 +0530,
76,0,76,[np.float64(-0.13425925925925927)],[np.float64(-0.04537037037037037)],[1],[0],[0],[1.5837487999997393],['target'],76,0,76,0,215.00877459999901,,5,214.99425350000092,215.00877459999901,215.00877459999901,0.017578699997102376,216.57808250000016,[np.float64(-0.13425925925925927)],[np.float64(-0.04537037037037037)],[1],[0],[0],[1.5837487999997393],['target'],2,001,2025-09-28_23h10.29.555,Visual_Search_exp,,2025.1.1,59.65551327293233,2025-09-28 23h10.37.027867 +0530,
77,0,77,[np.float64(0.3101851851851852)],[np.float64(-0.35185185185185186)],[1],[0],[0],[2.4837895999989996],['target'],77,0,77,0,216.61006629999974,,5,216.5963143000008,216.61006629999974,216.61006629999974,0.018100899997079978,219.08018240000092,[np.float64(0.3101851851851852)],[np.float64(-0.35185185185185186)],[1],[0],[0],[2.4837895999989996],['target'],2,001,2025-09-28_23h10.29.555,Visual_Search_exp,,2025.1.1,59.65551327293233,2025-09-28 23h10.37.027867 +0530,
78,0,78,[np.float64(-0.1962962962962963)],[np.float64(0.006481481481481481)],[1],[0],[0],[2.3007290000023204],['target'],78,0,78,0,219.11340420000124,,5,219.09844099999827,219.11340420000124,219.11340420000124,0.018129400003090268,221.39925249999942,[np.float64(-0.1962962962962963)],[np.float64(0.006481481481481481)],[1],[0],[0],[2.3007290000023204],['target'],2,001,2025-09-28_23h10.29.555,Visual_Search_exp,,2025.1.1,59.65551327293233,2025-09-28 23h10.37.027867 +0530,
79,0,79,[np.float64(-0.1712962962962963)],[np.float64(-0.001851851851851852)],[1],[0],[0],[1.6097429000001284],['target'],79,0,79,0,221.44913480000105,,10,221.4309985,221.44913480000105,221.44913480000105,0.03163620000123046,223.04080059999978,[np.float64(-0.1712962962962963)],[np.float64(-0.001851851851851852)],[1],[0],[0],[1.6097429000001284],['target'],2,001,2025-09-28_23h10.29.555,Visual_Search_exp,,2025.1.1,59.65551327293233,2025-09-28 23h10.37.027867 +0530,
80,0,80,[np.float64(-0.10092592592592593)],[np.float64(-0.44907407407407407)],[1],[0],[0],[2.7947960999990755],[None],80,0,80,0,223.08789750000142,,10,223.07185620000018,223.08789750000142,223.08789750000142,0.030897900000127265,225.86674090000088,[np.float64(-0.10092592592592593)],[np.float64(-0.44907407407407407)],[1],[0],[0],[2.7947960999990755],[None],2,001,2025-09-28_23h10.29.555,Visual_Search_exp,,2025.1.1,59.65551327293233,2025-09-28 23h10.37.027867 +0530,
81,0,81,[np.float64(0.000925925925925926)],[np.float64(-0.007407407407407408)],[1],[0],[0],[1.83848990000115],[None],81,0,81,0,225.9219641999989,,10,225.90261929999906,225.9219641999989,225.9219641999989,0.035717200000362936,227.74118570000064,[np.float64(0.000925925925925926)],[np.float64(-0.007407407407407408)],[1],[0],[0],[1.83848990000115],[None],2,001,2025-09-28_23h10.29.555,Visual_Search_exp,,2025.1.1,59.65551327293233,2025-09-28 23h10.37.027867 +0530,
82,0,82,[np.float64(0.03796296296296296)],[np.float64(-0.44537037037037036)],[1],[0],[0],[2.2004993000009563],['target'],82,0,82,0,227.7711304000004,,5,227.75760850000006,227.7711304000004,227.7711304000004,0.016269499999907566,229.95819159999883,[np.float64(0.03796296296296296)],[np.float64(-0.44537037037037036)],[1],[0],[0],[2.2004993000009563],['target'],2,001,2025-09-28_23h10.29.555,Visual_Search_exp,,2025.1.1,59.65551327293233,2025-09-28 23h10.37.027867 +0530,
83,0,83,[np.float64(0.15185185185185185)],[np.float64(0.20925925925925926)],[1],[0],[0],[1.7008682000014232],['target'],83,0,83,0,229.98930119999932,,5,229.9752909000017,229.98930119999932,229.98930119999932,0.016958700001850957,231.67626169999858,[np.float64(0.15185185185185185)],[np.float64(0.20925925925925926)],[1],[0],[0],[1.7008682000014232],['target'],2,001,2025-09-28_23h10.29.555,Visual_Search_exp,,2025.1.1,59.65551327293233,2025-09-28 23h10.37.027867 +0530,
84,0,84,[np.float64(-0.14351851851851852)],[np.float64(-0.010185185185185186)],[1],[0],[0],[2.508300399997097],['target'],84,0,84,0,231.72667910000018,,10,231.70875700000033,231.72667910000018,231.72667910000018,0.03229710000232444,234.21711679999862,[np.float64(-0.14351851851851852)],[np.float64(-0.010185185185185186)],[1],[0],[0],[2.508300399997097],['target'],2,001,2025-09-28_23h10.29.555,Visual_Search_exp,,2025.1.1,59.65551327293233,2025-09-28 23h10.37.027867 +0530,
85,0,85,[np.float64(-0.3814814814814815)],[np.float64(0.12222222222222222)],[1],[0],[0],[1.8182845000010275],['target'],85,0,85,0,234.2458798000007,,5,234.23298409999916,234.2458798000007,234.2458798000007,0.01572209999721963,236.05135149999842,[np.float64(-0.3814814814814815)],[np.float64(0.12222222222222222)],[1],[0],[0],[1.8182845000010275],['target'],2,001,2025-09-28_23h10.29.555,Visual_Search_exp,,2025.1.1,59.65551327293233,2025-09-28 23h10.37.027867 +0530,
86,0,86,[np.float64(-0.01574074074074074)],[np.float64(0.22777777777777777)],[1],[0],[0],[3.340709899999638],['target'],86,0,86,0,236.10459730000002,,10,236.08548480000172,236.10459730000002,236.10459730000002,0.03399619999981951,239.4262787000007,[np.float64(-0.01574074074074074)],[np.float64(0.22777777777777777)],[1],[0],[0],[3.340709899999638],['target'],2,001,2025-09-28_23h10.29.555,Visual_Search_exp,,2025.1.1,59.65551327293233,2025-09-28 23h10.37.027867 +0530,
87,0,87,[np.float64(-0.1935185185185185)],[np.float64(0.028703703703703703)],[1],[0],[0],[1.9002116000010574],['target'],87,0,87,0,239.45753740000146,,5,239.44422489999852,239.45753740000146,239.45753740000146,0.017793899998650886,241.34451809999882,[np.float64(-0.1935185185185185)],[np.float64(0.028703703703703703)],[1],[0],[0],[1.9002116000010574],['target'],2,001,2025-09-28_23h10.29.555,Visual_Search_exp,,2025.1.1,59.65551327293233,2025-09-28 23h10.37.027867 +0530,
88,0,88,[np.float64(-0.35462962962962963)],[np.float64(0.06388888888888888)],[1],[0],[0],[2.333878499997809],[None],88,0,88,0,241.377758300001,,5,241.36334519999946,241.377758300001,241.377758300001,0.018702199999097502,243.697316400001,[np.float64(-0.35462962962962963)],[np.float64(0.06388888888888888)],[1],[0],[0],[2.333878499997809],[None],2,001,2025-09-28_23h10.29.555,Visual_Search_exp,,2025.1.1,59.65551327293233,2025-09-28 23h10.37.027867 +0530,
89,0,89,[np.float64(0.13333333333333333)],[np.float64(0.2222222222222222)],[1],[0],[0],[3.0692003999974986],[None],89,0,89,0,243.72285629999897,,5,243.71154190000016,243.72285629999897,243.72285629999897,0.014070100001845276,246.7808210000003,[np.float64(0.13333333333333333)],[np.float64(0.2222222222222222)],[1],[0],[0],[3.0692003999974986],[None],2,001,2025-09-28_23h10.29.555,Visual_Search_exp,,2025.1.1,59.65551327293233,2025-09-28 23h10.37.027867 +0530,
90,0,90,[np.float64(0.3101851851851852)],[np.float64(-0.3)],[1],[0],[0],[1.7339934999981779],['target'],90,0,90,0,246.80943109999862,,5,246.79719900000055,246.80943109999862,246.80943109999862,0.01628059999711695,248.5312739000001,[np.float64(0.3101851851851852)],[np.float64(-0.3)],[1],[0],[0],[1.7339934999981779],['target'],2,001,2025-09-28_23h10.29.555,Visual_Search_exp,,2025.1.1,59.65551327293233,2025-09-28 23h10.37.027867 +0530,
91,0,91,[np.float64(0.12962962962962962)],[np.float64(-0.003703703703703704)],[1],[0],[0],[1.8904756999982055],['target'],91,0,91,0,248.58241790000102,,10,248.56540909999967,248.58241790000102,248.58241790000102,0.03399870000066585,250.4559749,[np.float64(0.12962962962962962)],[np.float64(-0.003703703703703704)],[1],[0],[0],[1.8904756999982055],['target'],2,001,2025-09-28_23h10.29.555,Visual_Search_exp,,2025.1.1,59.65551327293233,2025-09-28 23h10.37.027867 +0530,
92,0,92,[np.float64(-0.18425925925925926)],[np.float64(-0.21481481481481482)],[1],[0],[0],[2.5351260999996157],['target'],92,0,92,0,250.48866669999916,,5,250.47411139999895,250.48866669999916,250.48866669999916,0.01797150000129477,253.00932009999815,[np.float64(-0.18425925925925926)],[np.float64(-0.21481481481481482)],[1],[0],[0],[2.5351260999996157],['target'],2,001,2025-09-28_23h10.29.555,Visual_Search_exp,,2025.1.1,59.65551327293233,2025-09-28 23h10.37.027867 +0530,
93,0,93,[np.float64(0.10833333333333334)],[np.float64(-0.45555555555555555)],[1],[0],[0],[5.906539499999781],['target'],93,0,93,0,253.0626392999984,,10,253.04443019999962,253.0626392999984,253.0626392999984,0.03497299999798997,258.95107700000153,[np.float64(0.10833333333333334)],[np.float64(-0.45555555555555555)],[1],[0],[0],[5.906539499999781],['target'],2,001,2025-09-28_23h10.29.555,Visual_Search_exp,,2025.1.1,59.65551327293233,2025-09-28 23h10.37.027867 +0530,
94,0,94,[np.float64(0.25)],[np.float64(-0.47685185185185186)],[1],[0],[0],[4.033760800000891],[None],94,0,94,0,258.98172279999926,,5,258.96823420000146,258.98172279999926,258.98172279999926,0.016968200001429068,263.0022210999996,[np.float64(0.25)],[np.float64(-0.47685185185185186)],[1],[0],[0],[4.033760800000891],[None],2,001,2025-09-28_23h10.29.555,Visual_Search_exp,,2025.1.1,59.65551327293233,2025-09-28 23h10.37.027867 +0530,
95,0,95,[np.float64(0.13240740740740742)],[np.float64(-0.2972222222222222)],[1],[0],[0],[6.720463600002404],['target'],95,0,95,0,263.0579405999997,,10,263.04072799999994,263.0579405999997,263.0579405999997,0.03826670000125887,269.76125310000134,[np.float64(0.13240740740740742)],[np.float64(-0.2972222222222222)],[1],[0],[0],[6.720463600002404],['target'],2,001,2025-09-28_23h10.29.555,Visual_Search_exp,,2025.1.1,59.65551327293233,2025-09-28 23h10.37.027867 +0530,
96,0,96,[np.float64(-0.38981481481481484)],[np.float64(0.3148148148148148)],[1],[0],[0],[1.9949717999988934],['target'],96,0,96,0,269.8100043000013,,10,269.7922981999982,269.8100043000013,269.8100043000013,0.03089170000021113,271.7873551999983,[np.float64(-0.38981481481481484)],[np.float64(0.3148148148148148)],[1],[0],[0],[1.9949717999988934],['target'],2,001,2025-09-28_23h10.29.555,Visual_Search_exp,,2025.1.1,59.65551327293233,2025-09-28 23h10.37.027867 +0530,
97,0,97,[np.float64(-0.06759259259259259)],[np.float64(-0.16944444444444445)],[1],[0],[0],[1.958221799999592],['target'],97,0,97,0,271.8400092000011,,10,271.81992049999826,271.8400092000011,271.8400092000011,0.03240320000259089,273.77822430000015,[np.float64(-0.06759259259259259)],[np.float64(-0.16944444444444445)],[1],[0],[0],[1.958221799999592],['target'],2,001,2025-09-28_23h10.29.555,Visual_Search_exp,,2025.1.1,59.65551327293233,2025-09-28 23h10.37.027867 +0530,
98,0,98,[np.float64(-0.3435185185185185)],[np.float64(0.06851851851851852)],[1],[0],[0],[1.5841905000015686],['target'],98,0,98,0,273.8134429999991,,5,273.79868169999827,273.8134429999991,273.8134429999991,0.020303399996919325,275.3829482000001,[np.float64(-0.3435185185185185)],[np.float64(0.06851851851851852)],[1],[0],[0],[1.5841905000015686],['target'],2,001,2025-09-28_23h10.29.555,Visual_Search_exp,,2025.1.1,59.65551327293233,2025-09-28 23h10.37.027867 +0530,
99,0,99,[np.float64(0.3351851851851852)],[np.float64(0.22407407407407406)],[1],[0],[0],[2.1732556999995722],['target'],99,0,99,0,275.4361632,,10,275.4179206000008,275.4361632,275.4361632,0.034844000001612585,277.5912551000001,[np.float64(0.3351851851851852)],[np.float64(0.22407407407407406)],[1],[0],[0],[2.1732556999995722],['target'],2,001,2025-09-28_23h10.29.555,Visual_Search_exp,,2025.1.1,59.65551327293233,2025-09-28 23h10.37.027867 +0530,
100,0,100,[np.float64(-0.24722222222222223)],[np.float64(-0.37037037037037035)],[1],[0],[0],[3.0344112000020687],['target'],100,0,100,0,277.62461809999877,,5,277.6097254000015,277.62461809999877,277.62461809999877,0.01831050000328105,280.64421159999984,[np.float64(-0.24722222222222223)],[np.float64(-0.37037037037037035)],[1],[0],[0],[3.0344112000020687],['target'],2,001,2025-09-28_23h10.29.555,Visual_Search_exp,,2025.1.1,59.65551327293233,2025-09-28 23h10.37.027867 +0530,
101,0,101,[np.float64(0.2851851851851852)],[np.float64(-0.3592592592592593)],[1],[0],[0],[2.4165466999984346],['target'],101,0,101,0,280.67687899999873,,5,280.6625736999995,280.67687899999873,280.67687899999873,0.018258899999636924,283.0791916999988,[np.float64(0.2851851851851852)],[np.float64(-0.3592592592592593)],[1],[0],[0],[2.4165466999984346],['target'],2,001,2025-09-28_23h10.29.555,Visual_Search_exp,,2025.1.1,59.65551327293233,2025-09-28 23h10.37.027867 +0530,
102,0,102,[np.float64(0.016666666666666666)],[np.float64(-0.004629629629629629)],[1],[0],[0],[3.427029800001037],[None],102,0,102,0,283.13044779999836,,10,283.1112815999986,283.13044779999836,283.13044779999836,0.031967000002623536,286.53841459999967,[np.float64(0.016666666666666666)],[np.float64(-0.004629629629629629)],[1],[0],[0],[3.427029800001037],[None],2,001,2025-09-28_23h10.29.555,Visual_Search_exp,,2025.1.1,59.65551327293233,2025-09-28 23h10.37.027867 +0530,
103,0,103,[np.float64(-0.03981481481481482)],[np.float64(-0.11944444444444445)],[1],[0],[0],[3.3680745999990904],['target'],103,0,103,0,286.57111799999984,,5,286.5557599999993,286.57111799999984,286.57111799999984,0.01710079999975278,289.9239129000016,[np.float64(-0.03981481481481482)],[np.float64(-0.11944444444444445)],[1],[0],[0],[3.3680745999990904],['target'],2,001,2025-09-28_23h10.29.555,Visual_Search_exp,,2025.1.1,59.65551327293233,2025-09-28 23h10.37.027867 +0530,
104,0,104,[np.float64(0.03796296296296296)],[np.float64(0.1361111111111111)],[1],[0],[0],[1.4668009000015445],[None],104,0,104,0,289.95486320000055,,5,289.94116790000044,289.95486320000055,289.95486320000055,0.017249600001377985,291.40805829999954,[np.float64(0.03796296296296296)],[np.float64(0.1361111111111111)],[1],[0],[0],[1.4668009000015445],[None],2,001,2025-09-28_23h10.29.555,Visual_Search_exp,,2025.1.1,59.65551327293233,2025-09-28 23h10.37.027867 +0530,
105,0,105,[np.float64(0.46574074074074073)],[np.float64(-0.3814814814814815)],[1],[0],[0],[1.9168624000012642],['target'],105,0,105,0,291.4395321000011,,5,291.4252474999994,291.4395321000011,291.4395321000011,0.017036000001098728,293.3421902000009,[np.float64(0.46574074074074073)],[np.float64(-0.3814814814814815)],[1],[0],[0],[1.9168624000012642],['target'],2,001,2025-09-28_23h10.29.555,Visual_Search_exp,,2025.1.1,59.65551327293233,2025-09-28 23h10.37.027867 +0530,
106,0,106,[np.float64(-0.47129629629629627)],[np.float64(-0.4462962962962963)],[1],[0],[0],[1.5997281999989355],['target'],106,0,106,0,293.37539200000174,,5,293.36160179999933,293.37539200000174,293.37539200000174,0.019291299999167677,294.96140659999946,[np.float64(-0.47129629629629627)],[np.float64(-0.4462962962962963)],[1],[0],[0],[1.5997281999989355],['target'],2,001,2025-09-28_23h10.29.555,Visual_Search_exp,,2025.1.1,59.65551327293233,2025-09-28 23h10.37.027867 +0530,
107,0,107,[np.float64(-0.3648148148148148)],[np.float64(0.362962962962963)],[1],[0],[0],[1.708195799998066],['target'],107,0,107,0,295.0124580999982,,10,294.99463829999877,295.0124580999982,295.0124580999982,0.03310050000072806,296.7029115000005,[np.float64(-0.3648148148148148)],[np.float64(0.362962962962963)],[1],[0],[0],[1.708195799998066],['target'],2,001,2025-09-28_23h10.29.555,Visual_Search_exp,,2025.1.1,59.65551327293233,2025-09-28 23h10.37.027867 +0530,
108,0,108,[np.float64(0.15092592592592594)],[np.float64(0.17962962962962964)],[1],[0],[0],[1.8110702999983914],['target'],108,0,108,0,296.75230499999816,,10,296.7344757999999,296.75230499999816,296.75230499999816,0.03137639999840758,298.5456301000013,[np.float64(0.15092592592592594)],[np.float64(0.17962962962962964)],[1],[0],[0],[1.8110702999983914],['target'],2,001,2025-09-28_23h10.29.555,Visual_Search_exp,,2025.1.1,59.65551327293233,2025-09-28 23h10.37.027867 +0530,
109,0,109,[np.float64(-0.19907407407407407)],[np.float64(-0.10555555555555556)],[1],[0],[0],[2.390935499999614],['target'],109,0,109,0,298.59641869999905,,10,298.5796854,298.59641869999905,298.59641869999905,0.033898400000907714,300.9707014000014,[np.float64(-0.19907407407407407)],[np.float64(-0.10555555555555556)],[1],[0],[0],[2.390935499999614],['target'],2,001,2025-09-28_23h10.29.555,Visual_Search_exp,,2025.1.1,59.65551327293233,2025-09-28 23h10.37.027867 +0530,
110,0,110,[np.float64(0.053703703703703705)],[np.float64(0.4111111111111111)],[1],[0],[0],[1.773587799998495],['target'],110,0,110,0,301.02349160000085,,10,301.00525560000096,301.02349160000085,301.02349160000085,0.03438509999978123,302.77892280000015,[np.float64(0.053703703703703705)],[np.float64(0.4111111111111111)],[1],[0],[0],[1.773587799998495],['target'],2,001,2025-09-28_23h10.29.555,Visual_Search_exp,,2025.1.1,59.65551327293233,2025-09-28 23h10.37.027867 +0530,
111,0,111,[np.float64(0.4925925925925926)],[np.float64(-0.22962962962962963)],[1],[0],[0],[1.5424787999982073],['target'],111,0,111,0,302.82948659999965,,10,302.8118562999989,302.82948659999965,302.82948659999965,0.03277460000026622,304.3544175999996,[np.float64(0.4925925925925926)],[np.float64(-0.22962962962962963)],[1],[0],[0],[1.5424787999982073],['target'],2,001,2025-09-28_23h10.29.555,Visual_Search_exp,,2025.1.1,59.65551327293233,2025-09-28 23h10.37.027867 +0530,
112,0,112,[np.float64(-0.026851851851851852)],[np.float64(0.41574074074074074)],[1],[0],[0],[2.102482800000871],['target'],112,0,112,0,304.38553519999914,,5,304.37111469999945,304.38553519999914,304.38553519999914,0.016530500000953907,306.4736832999988,[np.float64(-0.026851851851851852)],[np.float64(0.41574074074074074)],[1],[0],[0],[2.102482800000871],['target'],2,001,2025-09-28_23h10.29.555,Visual_Search_exp,,2025.1.1,59.65551327293233,2025-09-28 23h10.37.027867 +0530,
113,0,113,[np.float64(-0.024074074074074074)],[np.float64(0.025)],[1],[0],[0],[1.7503560000004654],[None],113,0,113,0,306.50369560000036,,5,306.4895132999991,306.50369560000036,306.50369560000036,0.015708299997641006,308.2399406000004,[np.float64(-0.024074074074074074)],[np.float64(0.025)],[1],[0],[0],[1.7503560000004654],[None],2,001,2025-09-28_23h10.29.555,Visual_Search_exp,,2025.1.1,59.65551327293233,2025-09-28 23h10.37.027867 +0530,
114,0,114,[np.float64(-0.3787037037037037)],[np.float64(-0.05277777777777778)],[1],[0],[0],[4.3607359000016],['target'],114,0,114,0,308.28989619999993,,10,308.2712208000012,308.28989619999993,308.28989619999993,0.031158899997535627,312.6320177999987,[np.float64(-0.3787037037037037)],[np.float64(-0.05277777777777778)],[1],[0],[0],[4.3607359000016],['target'],2,001,2025-09-28_23h10.29.555,Visual_Search_exp,,2025.1.1,59.65551327293233,2025-09-28 23h10.37.027867 +0530,
115,0,115,[np.float64(0.42407407407407405)],[np.float64(0.2101851851851852)],[1],[0],[0],[3.1287726999980805],['target'],115,0,115,0,312.67873210000107,,10,312.66153459999987,312.67873210000107,312.67873210000107,0.029368700001214165,315.79039869999906,[np.float64(0.42407407407407405)],[np.float64(0.2101851851851852)],[1],[0],[0],[3.1287726999980805],['target'],2,001,2025-09-28_23h10.29.555,Visual_Search_exp,,2025.1.1,59.65551327293233,2025-09-28 23h10.37.027867 +0530,
116,0,116,[np.float64(0.3509259259259259)],[np.float64(-0.4546296296296296)],[1],[0],[0],[3.017619399997784],['target'],116,0,116,0,315.8233822000002,,5,315.8091698999997,315.8233822000002,315.8233822000002,0.018512399998144247,318.8268716999992,[np.float64(0.3509259259259259)],[np.float64(-0.4546296296296296)],[1],[0],[0],[3.017619399997784],['target'],2,001,2025-09-28_23h10.29.555,Visual_Search_exp,,2025.1.1,59.65551327293233,2025-09-28 23h10.37.027867 +0530,
117,0,117,[np.float64(-0.1537037037037037)],[np.float64(0.06666666666666667)],[1],[0],[0],[2.209613899998658],[None],117,0,117,0,318.8755553999981,,10,318.8589288000003,318.8755553999981,318.8755553999981,0.03190040000117733,321.0686397999998,[np.float64(-0.1537037037037037)],[np.float64(0.06666666666666667)],[1],[0],[0],[2.209613899998658],[None],2,001,2025-09-28_23h10.29.555,Visual_Search_exp,,2025.1.1,59.65551327293233,2025-09-28 23h10.37.027867 +0530,
118,0,118,[np.float64(0.3851851851851852)],[np.float64(0.12407407407407407)],[1],[0],[0],[2.3180650000031164],[None],118,0,118,0,321.2508901000001,,5,321.0858918999984,321.2508901000001,321.2508901000001,0.01702110000042012,323.4040703999999,[np.float64(0.3851851851851852)],[np.float64(0.12407407407407407)],[1],[0],[0],[2.3180650000031164],[None],2,001,2025-09-28_23h10.29.555,Visual_Search_exp,,2025.1.1,59.65551327293233,2025-09-28 23h10.37.027867 +0530,
119,0,119,[np.float64(-0.31574074074074077)],[np.float64(0.3425925925925926)],[1],[0],[0],[1.3999923999981547],['target'],119,0,119,0,323.43514610000057,,5,323.42111730000033,323.43514610000057,323.43514610000057,0.01692419999744743,324.8211822000012,[np.float64(-0.31574074074074077)],[np.float64(0.3425925925925926)],[1],[0],[0],[1.3999923999981547],['target'],2,001,2025-09-28_23h10.29.555,Visual_Search_exp,,2025.1.1,59.65551327293233,2025-09-28 23h10.37.027867 +0530,
120,0,120,[np.float64(-0.31851851851851853)],[np.float64(-0.15833333333333333)],[1],[0],[0],[1.4081949999999779],['target'],120,0,120,0,324.872127300001,,10,324.8542893999984,324.872127300001,324.872127300001,0.03298720000020694,326.2625440999982,[np.float64(-0.31851851851851853)],[np.float64(-0.15833333333333333)],[1],[0],[0],[1.4081949999999779],['target'],2,001,2025-09-28_23h10.29.555,Visual_Search_exp,,2025.1.1,59.65551327293233,2025-09-28 23h10.37.027867 +0530,
121,0,121,[np.float64(-0.4425925925925926)],[np.float64(-0.02962962962962963)],[1],[0],[0],[1.6519388999986404],['target'],121,0,121,0,326.29048820000025,,5,326.2781131999982,326.29048820000025,326.29048820000025,0.015316700002586003,327.93014739999853,[np.float64(-0.4425925925925926)],[np.float64(-0.02962962962962963)],[1],[0],[0],[1.6519388999986404],['target'],2,001,2025-09-28_23h10.29.555,Visual_Search_exp,,2025.1.1,59.65551327293233,2025-09-28 23h10.37.027867 +0530,
122,0,122,[np.float64(0.007407407407407408)],[np.float64(0.3037037037037037)],[1],[0],[0],[4.2072436999987985],['target'],122,0,122,0,327.9837210000005,,10,327.9643490000017,327.9837210000005,327.9837210000005,0.03403919999982463,332.1716688999986,[np.float64(0.007407407407407408)],[np.float64(0.3037037037037037)],[1],[0],[0],[4.2072436999987985],['target'],2,001,2025-09-28_23h10.29.555,Visual_Search_exp,,2025.1.1,59.65551327293233,2025-09-28 23h10.37.027867 +0530,
123,0,123,[np.float64(-0.09166666666666666)],[np.float64(-0.17037037037037037)],[1],[0],[0],[1.932493299998896],['target'],123,0,123,0,332.2020421999987,,5,332.1886209000004,332.2020421999987,332.2020421999987,0.01679349999903934,334.1211953999991,[np.float64(-0.09166666666666666)],[np.float64(-0.17037037037037037)],[1],[0],[0],[1.932493299998896],['target'],2,001,2025-09-28_23h10.29.555,Visual_Search_exp,,2025.1.1,59.65551327293233,2025-09-28 23h10.37.027867 +0530,
124,0,124,[np.float64(0.41759259259259257)],[np.float64(0.13055555555555556)],[1],[0],[0],[2.350862399998732],['target'],124,0,124,0,334.15265210000143,,5,334.13842079999813,334.15265210000143,334.15265210000143,0.0171029000011913,336.489368999999,[np.float64(0.41759259259259257)],[np.float64(0.13055555555555556)],[1],[0],[0],[2.350862399998732],['target'],2,001,2025-09-28_23h10.29.555,Visual_Search_exp,,2025.1.1,59.65551327293233,2025-09-28 23h10.37.027867 +0530,
125,0,125,[np.float64(0.4685185185185185)],[np.float64(-0.012037037037037037)],[1],[0],[0],[1.133203199999116],['target'],125,0,125,0,336.52210990000094,,5,336.508084699999,336.52210990000094,336.52210990000094,0.018582999997306615,337.641367799999,[np.float64(0.4685185185185185)],[np.float64(-0.012037037037037037)],[1],[0],[0],[1.133203199999116],['target'],2,001,2025-09-28_23h10.29.555,Visual_Search_exp,,2025.1.1,59.65551327293233,2025-09-28 23h10.37.027867 +0530,
126,0,126,[np.float64(0.024074074074074074)],[np.float64(0.37777777777777777)],[1],[0],[0],[2.192910000001575],[None],126,0,126,0,337.6923547000006,,10,337.6740644999991,337.6923547000006,337.6923547000006,0.032572299998719245,339.8670569999995,[np.float64(0.024074074074074074)],[np.float64(0.37777777777777777)],[1],[0],[0],[2.192910000001575],[None],2,001,2025-09-28_23h10.29.555,Visual_Search_exp,,2025.1.1,59.65551327293233,2025-09-28 23h10.37.027867 +0530,
127,0,127,[np.float64(0.018518518518518517)],[np.float64(0.25)],[1],[0],[0],[1.3343478000024334],['target'],127,0,127,0,339.89852170000086,,5,339.8840988000011,339.89852170000086,339.89852170000086,0.016899299997021444,341.2185232000011,[np.float64(0.018518518518518517)],[np.float64(0.25)],[1],[0],[0],[1.3343478000024334],['target'],2,001,2025-09-28_23h10.29.555,Visual_Search_exp,,2025.1.1,59.65551327293233,2025-09-28 23h10.37.027867 +0530,
128,0,128,[np.float64(-0.3648148148148148)],[np.float64(0.4287037037037037)],[1],[0],[0],[2.5742231000003812],['target'],128,0,128,0,341.27161949999936,,10,341.25249990000157,341.27161949999936,341.27161949999936,0.03366740000274149,343.8268008999985,[np.float64(-0.3648148148148148)],[np.float64(0.4287037037037037)],[1],[0],[0],[2.5742231000003812],['target'],2,001,2025-09-28_23h10.29.555,Visual_Search_exp,,2025.1.1,59.65551327293233,2025-09-28 23h10.37.027867 +0530,
129,0,129,[np.float64(0.42962962962962964)],[np.float64(0.058333333333333334)],[1],[0],[0],[4.057159799998772],['target'],129,0,129,0,343.8801013000011,,10,343.86172010000155,343.8801013000011,343.8801013000011,0.03475590000016382,347.91897360000075,[np.float64(0.42962962962962964)],[np.float64(0.058333333333333334)],[1],[0],[0],[4.057159799998772],['target'],2,001,2025-09-28_23h10.29.555,Visual_Search_exp,,2025.1.1,59.65551327293233,2025-09-28 23h10.37.027867 +0530,
130,0,130,[np.float64(0.23425925925925925)],[np.float64(0.3768518518518518)],[1],[0],[0],[3.9283025000004272],[None],130,0,130,0,347.96773810000013,,10,347.94914380000046,347.96773810000013,347.96773810000013,0.03000360000078217,351.87752790000013,[np.float64(0.23425925925925925)],[np.float64(0.3768518518518518)],[1],[0],[0],[3.9283025000004272],[None],2,001,2025-09-28_23h10.29.555,Visual_Search_exp,,2025.1.1,59.65551327293233,2025-09-28 23h10.37.027867 +0530,
131,0,131,[np.float64(-0.38333333333333336)],[np.float64(0.4564814814814815)],[1],[0],[0],[2.260554199998296],['target'],131,0,131,0,351.9275931999982,,10,351.90935360000003,351.9275931999982,351.9275931999982,0.031641099998523714,354.16999059999944,[np.float64(-0.38333333333333336)],[np.float64(0.4564814814814815)],[1],[0],[0],[2.260554199998296],['target'],2,001,2025-09-28_23h10.29.555,Visual_Search_exp,,2025.1.1,59.65551327293233,2025-09-28 23h10.37.027867 +0530,
132,0,132,[np.float64(0.3138888888888889)],[np.float64(0.1175925925925926)],[1],[0],[0],[2.3852628999993613],['target'],132,0,132,0,354.20653799999855,,5,354.19125260000146,354.20653799999855,354.20653799999855,0.02110030000039842,356.57659440000134,[np.float64(0.3138888888888889)],[np.float64(0.1175925925925926)],[1],[0],[0],[2.3852628999993613],['target'],2,001,2025-09-28_23h10.29.555,Visual_Search_exp,,2025.1.1,59.65551327293233,2025-09-28 23h10.37.027867 +0530,
133,0,133,[np.float64(-0.13240740740740742)],[np.float64(0.2675925925925926)],[1],[0],[0],[2.017038500001945],['target'],133,0,133,0,356.60693750000064,,5,356.59319590000086,356.60693750000064,356.60693750000064,0.01648439999917173,358.61032279999927,[np.float64(-0.13240740740740742)],[np.float64(0.2675925925925926)],[1],[0],[0],[2.017038500001945],['target'],2,001,2025-09-28_23h10.29.555,Visual_Search_exp,,2025.1.1,59.65551327293233,2025-09-28 23h10.37.027867 +0530,
134,0,134,[np.float64(-0.3055555555555556)],[np.float64(-0.26851851851851855)],[1],[0],[0],[2.027086499998404],['target'],134,0,134,0,358.6589402999998,,10,358.6413262999995,358.6589402999998,358.6589402999998,0.03081179999935557,360.6684927999995,[np.float64(-0.3055555555555556)],[np.float64(-0.26851851851851855)],[1],[0],[0],[2.027086499998404],['target'],2,001,2025-09-28_23h10.29.555,Visual_Search_exp,,2025.1.1,59.65551327293233,2025-09-28 23h10.37.027867 +0530,
135,0,135,[np.float64(-0.23796296296296296)],[np.float64(-0.28703703703703703)],[1],[0],[0],[1.8680242999980692],['target'],135,0,135,0,360.7001013000008,,5,360.6854679999997,360.7001013000008,360.7001013000008,0.01681779999853461,362.55356179999944,[np.float64(-0.23796296296296296)],[np.float64(-0.28703703703703703)],[1],[0],[0],[1.8680242999980692],['target'],2,001,2025-09-28_23h10.29.555,Visual_Search_exp,,2025.1.1,59.65551327293233,2025-09-28 23h10.37.027867 +0530,
136,0,136,[np.float64(0.03425925925925926)],[np.float64(0.16944444444444445)],[1],[0],[0],[3.1073031999985687],['target'],136,0,136,0,362.6051112999994,,10,362.58678169999985,362.6051112999994,362.6051112999994,0.0330891999983578,365.69416719999936,[np.float64(0.03425925925925926)],[np.float64(0.16944444444444445)],[1],[0],[0],[3.1073031999985687],['target'],2,001,2025-09-28_23h10.29.555,Visual_Search_exp,,2025.1.1,59.65551327293233,2025-09-28 23h10.37.027867 +0530,
137,0,137,[np.float64(0.2222222222222222)],[np.float64(0.4009259259259259)],[1],[0],[0],[3.545583400002215],['target'],137,0,137,0,365.74308419999943,,10,365.7243712999989,365.74308419999943,365.74308419999943,0.030033499999262858,369.2700474999983,[np.float64(0.2222222222222222)],[np.float64(0.4009259259259259)],[1],[0],[0],[3.545583400002215],['target'],2,001,2025-09-28_23h10.29.555,Visual_Search_exp,,2025.1.1,59.65551327293233,2025-09-28 23h10.37.027867 +0530,
138,0,138,[np.float64(-0.2462962962962963)],[np.float64(0.36203703703703705)],[1],[0],[0],[5.150419199999305],['target'],138,0,138,0,369.30002310000054,,5,369.28572559999884,369.30002310000054,369.30002310000054,0.01547470000150497,374.4362258000001,[np.float64(-0.2462962962962963)],[np.float64(0.36203703703703705)],[1],[0],[0],[5.150419199999305],['target'],2,001,2025-09-28_23h10.29.555,Visual_Search_exp,,2025.1.1,59.65551327293233,2025-09-28 23h10.37.027867 +0530,
139,0,139,[np.float64(0.34814814814814815)],[np.float64(-0.49907407407407406)],[1],[0],[0],[5.367816900001344],[None],139,0,139,0,374.46761569999944,,5,374.4529384000016,374.46761569999944,374.46761569999944,0.01658769999994547,379.8208588999987,[np.float64(0.34814814814814815)],[np.float64(-0.49907407407407406)],[1],[0],[0],[5.367816900001344],[None],2,001,2025-09-28_23h10.29.555,Visual_Search_exp,,2025.1.1,59.65551327293233,2025-09-28 23h10.37.027867 +0530,
140,0,140,[np.float64(0.0787037037037037)],[np.float64(-0.13518518518518519)],[1],[0],[0],[1.5338776999997208],['target'],140,0,140,0,379.85272370000166,,5,379.8383039,379.85272370000166,379.85272370000166,0.017300100000284147,381.372260600001,[np.float64(0.0787037037037037)],[np.float64(-0.13518518518518519)],[1],[0],[0],[1.5338776999997208],['target'],2,001,2025-09-28_23h10.29.555,Visual_Search_exp,,2025.1.1,59.65551327293233,2025-09-28 23h10.37.027867 +0530,
141,0,141,[np.float64(-0.4537037037037037)],[np.float64(-0.45)],[1],[0],[0],[3.3747144999979355],['target'],141,0,141,0,381.4239458000011,,10,381.4058259000012,381.4239458000011,381.4239458000011,0.033435900000768015,384.78060410000035,[np.float64(-0.4537037037037037)],[np.float64(-0.45)],[1],[0],[0],[3.3747144999979355],['target'],2,001,2025-09-28_23h10.29.555,Visual_Search_exp,,2025.1.1,59.65551327293233,2025-09-28 23h10.37.027867 +0530,
142,0,142,[np.float64(0.5018518518518519)],[np.float64(0.04259259259259259)],[1],[0],[0],[3.411758300000656],['target'],142,0,142,0,384.8283838999996,,10,384.8112782999997,384.8283838999996,384.8283838999996,0.030535300000337884,388.22319119999884,[np.float64(0.5018518518518519)],[np.float64(0.04259259259259259)],[1],[0],[0],[3.411758300000656],['target'],2,001,2025-09-28_23h10.29.555,Visual_Search_exp,,2025.1.1,59.65551327293233,2025-09-28 23h10.37.027867 +0530,
143,0,143,[np.float64(0.06759259259259259)],[np.float64(-0.38425925925925924)],[1],[0],[0],[4.059943799999019],[None],143,0,143,0,388.2736420000001,,10,388.2549446999983,388.2736420000001,388.2736420000001,0.03152839999893331,392.31498160000046,[np.float64(0.06759259259259259)],[np.float64(-0.38425925925925924)],[1],[0],[0],[4.059943799999019],[None],2,001,2025-09-28_23h10.29.555,Visual_Search_exp,,2025.1.1,59.65551327293233,2025-09-28 23h10.37.027867 +0530,
144,0,144,[np.float64(0.3314814814814815)],[np.float64(-0.24074074074074073)],[1],[0],[0],[1.860084600000846],['target'],144,0,144,0,392.36436070000127,,10,392.3456355999988,392.36436070000127,392.36436070000127,0.030464499999652617,394.2058236999983,[np.float64(0.3314814814814815)],[np.float64(-0.24074074074074073)],[1],[0],[0],[1.860084600000846],['target'],2,001,2025-09-28_23h10.29.555,Visual_Search_exp,,2025.1.1,59.65551327293233,2025-09-28 23h10.37.027867 +0530,
145,0,145,[np.float64(0.1648148148148148)],[np.float64(0.26666666666666666)],[1],[0],[0],[2.6564901000019745],['target'],145,0,145,0,394.2599287000012,,10,394.2413815,394.2599287000012,394.2599287000012,0.035405000002356246,396.89795439999943,[np.float64(0.1648148148148148)],[np.float64(0.26666666666666666)],[1],[0],[0],[2.6564901000019745],['target'],2,001,2025-09-28_23h10.29.555,Visual_Search_exp,,2025.1.1,59.65551327293233,2025-09-28 23h10.37.027867 +0530,
146,0,146,[np.float64(0.075)],[np.float64(-0.38333333333333336)],[1],[0],[0],[2.5171566999997594],['target'],146,0,146,0,396.9297753999999,,5,396.91540800000075,396.9297753999999,396.9297753999999,0.01729410000189091,399.4325637000002,[np.float64(0.075)],[np.float64(-0.38333333333333336)],[1],[0],[0],[2.5171566999997594],['target'],2,001,2025-09-28_23h10.29.555,Visual_Search_exp,,2025.1.1,59.65551327293233,2025-09-28 23h10.37.027867 +0530,
147,0,147,[np.float64(0.014814814814814815)],[np.float64(0.04814814814814815)],[1],[0],[0],[2.2511365999998816],[None],147,0,147,0,399.46337960000164,,5,399.44946459999846,399.46337960000164,399.46337960000164,0.016769900001236238,401.700679900001,[np.float64(0.014814814814814815)],[np.float64(0.04814814814814815)],[1],[0],[0],[2.2511365999998816],[None],2,001,2025-09-28_23h10.29.555,Visual_Search_exp,,2025.1.1,59.65551327293233,2025-09-28 23h10.37.027867 +0530,
148,0,148,[np.float64(0.002777777777777778)],[np.float64(0.028703703703703703)],[1],[0],[0],[1.2333460999980161],[None],148,0,148,0,401.73125340000115,,5,401.71757920000164,401.73125340000115,401.73125340000115,0.016775799998868024,402.95100209999873,[np.float64(0.002777777777777778)],[np.float64(0.028703703703703703)],[1],[0],[0],[1.2333460999980161],[None],2,001,2025-09-28_23h10.29.555,Visual_Search_exp,,2025.1.1,59.65551327293233,2025-09-28 23h10.37.027867 +0530,
149,0,149,[np.float64(-0.1638888888888889)],[np.float64(0.23796296296296296)],[1],[0],[0],[1.5168695999964257],[None],149,0,149,0,402.98114590000114,,5,402.9673690999989,402.98114590000114,402.98114590000114,0.016238000000157626,404.4843183000012,[np.float64(-0.1638888888888889)],[np.float64(0.23796296296296296)],[1],[0],[0],[1.5168695999964257],[None],2,001,2025-09-28_23h10.29.555,Visual_Search_exp,,2025.1.1,59.65551327293233,2025-09-28 23h10.37.027867 +0530,
150,0,150,[np.float64(0.1361111111111111)],[np.float64(-0.4009259259259259)],[1],[0],[0],[4.578251899998577],['target'],150,0,150,0,404.5322081999984,,10,404.51456959999996,404.5322081999984,404.5322081999984,0.030123399999865796,409.092899700001,[np.float64(0.1361111111111111)],[np.float64(-0.4009259259259259)],[1],[0],[0],[4.578251899998577],['target'],2,001,2025-09-28_23h10.29.555,Visual_Search_exp,,2025.1.1,59.65551327293233,2025-09-28 23h10.37.027867 +0530,
151,0,151,[np.float64(0.4046296296296296)],[np.float64(-0.3194444444444444)],[1],[0],[0],[1.9169297000007646],['target'],151,0,151,0,409.12342369999897,,5,409.1093058000006,409.12342369999897,409.12342369999897,0.016252100002020597,411.0263156000001,[np.float64(0.4046296296296296)],[np.float64(-0.3194444444444444)],[1],[0],[0],[1.9169297000007646],['target'],2,001,2025-09-28_23h10.29.555,Visual_Search_exp,,2025.1.1,59.65551327293233,2025-09-28 23h10.37.027867 +0530,
152,0,152,[np.float64(-0.2833333333333333)],[np.float64(0.11666666666666667)],[1],[0],[0],[2.1663926000001084],['target'],152,0,152,0,411.0576570999983,,5,411.0438166999993,411.0576570999983,411.0576570999983,0.01737479999792413,413.21028509999815,[np.float64(-0.2833333333333333)],[np.float64(0.11666666666666667)],[1],[0],[0],[2.1663926000001084],['target'],2,001,2025-09-28_23h10.29.555,Visual_Search_exp,,2025.1.1,59.65551327293233,2025-09-28 23h10.37.027867 +0530,
153,0,153,[np.float64(0.21944444444444444)],[np.float64(-0.48333333333333334)],[1],[0],[0],[2.0515585000030114],['target'],153,0,153,0,413.2420244999994,,5,413.22746560000087,413.2420244999994,413.2420244999994,0.017057700002624188,415.27910930000144,[np.float64(0.21944444444444444)],[np.float64(-0.48333333333333334)],[1],[0],[0],[2.0515585000030114],['target'],2,001,2025-09-28_23h10.29.555,Visual_Search_exp,,2025.1.1,59.65551327293233,2025-09-28 23h10.37.027867 +0530,
154,0,154,[np.float64(-0.46574074074074073)],[np.float64(0.14907407407407408)],[1],[0],[0],[2.151753300000564],['target'],154,0,154,0,415.31321949999983,,5,415.2970204999983,415.31321949999983,415.31321949999983,0.017791100002796156,417.44884699999966,[np.float64(-0.46574074074074073)],[np.float64(0.14907407407407408)],[1],[0],[0],[2.151753300000564],['target'],2,001,2025-09-28_23h10.29.555,Visual_Search_exp,,2025.1.1,59.65551327293233,2025-09-28 23h10.37.027867 +0530,
155,0,155,[np.float64(-0.4361111111111111)],[np.float64(0.006481481481481481)],[1],[0],[0],[1.942374899997958],['target'],155,0,155,0,417.50136009999915,,10,417.4834934999999,417.50136009999915,417.50136009999915,0.034541699998953845,419.42594720000125,[np.float64(-0.4361111111111111)],[np.float64(0.006481481481481481)],[1],[0],[0],[1.942374899997958],['target'],2,001,2025-09-28_23h10.29.555,Visual_Search_exp,,2025.1.1,59.65551327293233,2025-09-28 23h10.37.027867 +0530,
156,0,156,[np.float64(-0.08425925925925926)],[np.float64(0.44074074074074077)],[1],[0],[0],[3.6848303000006126],['target'],156,0,156,0,419.45813350000026,,5,419.44318660000135,419.45813350000026,419.45813350000026,0.017082200000004377,423.1280912000002,[np.float64(-0.08425925925925926)],[np.float64(0.44074074074074077)],[1],[0],[0],[3.6848303000006126],['target'],2,001,2025-09-28_23h10.29.555,Visual_Search_exp,,2025.1.1,59.65551327293233,2025-09-28 23h10.37.027867 +0530,
157,0,157,[np.float64(-0.2953703703703704)],[np.float64(0.11481481481481481)],[1],[0],[0],[2.0888287000016135],['target'],157,0,157,0,423.1811583000017,,10,423.1638171000013,423.1811583000017,423.1811583000017,0.03558760000305483,425.2527071000004,[np.float64(-0.2953703703703704)],[np.float64(0.11481481481481481)],[1],[0],[0],[2.0888287000016135],['target'],2,001,2025-09-28_23h10.29.555,Visual_Search_exp,,2025.1.1,59.65551327293233,2025-09-28 23h10.37.027867 +0530,
158,0,158,[np.float64(0.17222222222222222)],[np.float64(0.3333333333333333)],[1],[0],[0],[2.5257569999994303],['target'],158,0,158,0,425.30340910000086,,10,425.28484540000136,425.30340910000086,425.30340910000086,0.031977499998902204,427.81068230000164,[np.float64(0.17222222222222222)],[np.float64(0.3333333333333333)],[1],[0],[0],[2.5257569999994303],['target'],2,001,2025-09-28_23h10.29.555,Visual_Search_exp,,2025.1.1,59.65551327293233,2025-09-28 23h10.37.027867 +0530,
159,0,159,[np.float64(0.0712962962962963)],[np.float64(-0.09444444444444444)],[1],[0],[0],[1.7171699999998964],['target'],159,0,159,0,427.8399777000013,,5,427.8275156999989,427.8399777000013,427.8399777000013,0.01655380000011064,429.54476870000144,[np.float64(0.0712962962962963)],[np.float64(-0.09444444444444444)],[1],[0],[0],[1.7171699999998964],['target'],2,001,2025-09-28_23h10.29.555,Visual_Search_exp,,2025.1.1,59.65551327293233,2025-09-28 23h10.37.027867 +0530,
160,0,160,[np.float64(-0.4185185185185185)],[np.float64(0.2537037037037037)],[1],[0],[0],[2.0010603000009723],['target'],160,0,160,0,429.5765594000004,,5,429.56209859999944,429.5765594000004,429.5765594000004,0.017208500001288485,431.56323390000034,[np.float64(-0.4185185185185185)],[np.float64(0.2537037037037037)],[1],[0],[0],[2.0010603000009723],['target'],2,001,2025-09-28_23h10.29.555,Visual_Search_exp,,2025.1.1,59.65551327293233,2025-09-28 23h10.37.027867 +0530,
161,0,161,[np.float64(-0.05092592592592592)],[np.float64(-0.2222222222222222)],[1],[0],[0],[3.283882600000652],['target'],161,0,161,0,431.59450669999933,,5,431.57981970000037,431.59450669999933,431.59450669999933,0.016460999999253545,434.8637845999983,[np.float64(-0.05092592592592592)],[np.float64(-0.2222222222222222)],[1],[0],[0],[3.283882600000652],['target'],2,001,2025-09-28_23h10.29.555,Visual_Search_exp,,2025.1.1,59.65551327293233,2025-09-28 23h10.37.027867 +0530,
162,0,162,[np.float64(0.05925925925925926)],[np.float64(-0.27870370370370373)],[1],[0],[0],[1.422527299997455],['target'],162,0,162,0,434.9174853000004,,10,434.8995892999992,434.9174853000004,434.9174853000004,0.035674099999596365,436.3221263999985,[np.float64(0.05925925925925926)],[np.float64(-0.27870370370370373)],[1],[0],[0],[1.422527299997455],['target'],2,001,2025-09-28_23h10.29.555,Visual_Search_exp,,2025.1.1,59.65551327293233,2025-09-28 23h10.37.027867 +0530,
163,0,163,[np.float64(-0.29907407407407405)],[np.float64(-0.11851851851851852)],[1],[0],[0],[1.726884700001392],['target'],163,0,163,0,436.3707738000012,,10,436.3539889999993,436.3707738000012,436.3707738000012,0.03170789999785484,438.0809386000001,[np.float64(-0.29907407407407405)],[np.float64(-0.11851851851851852)],[1],[0],[0],[1.726884700001392],['target'],2,001,2025-09-28_23h10.29.555,Visual_Search_exp,,2025.1.1,59.65551327293233,2025-09-28 23h10.37.027867 +0530,
164,0,164,[np.float64(-0.19814814814814816)],[np.float64(-0.39351851851851855)],[1],[0],[0],[2.617013200000656],['target'],164,0,164,0,438.10994969999956,,5,438.09704209999836,438.10994969999956,438.10994969999956,0.01591779999944265,440.71413960000064,[np.float64(-0.19814814814814816)],[np.float64(-0.39351851851851855)],[1],[0],[0],[2.617013200000656],['target'],2,001,2025-09-28_23h10.29.555,Visual_Search_exp,,2025.1.1,59.65551327293233,2025-09-28 23h10.37.027867 +0530,
165,0,165,[np.float64(0.2796296296296296)],[np.float64(0.19722222222222222)],[1],[0],[0],[5.46169910000026],['target'],165,0,165,0,440.7635354999984,,10,440.74621470000056,440.7635354999984,440.7635354999984,0.03193760000067414,446.2080406999994,[np.float64(0.2796296296296296)],[np.float64(0.19722222222222222)],[1],[0],[0],[5.46169910000026],['target'],2,001,2025-09-28_23h10.29.555,Visual_Search_exp,,2025.1.1,59.65551327293233,2025-09-28 23h10.37.027867 +0530,
166,0,166,[np.float64(-0.13055555555555556)],[np.float64(0.46944444444444444)],[1],[0],[0],[1.9331387000020186],['target'],166,0,166,0,446.2398211,,5,446.22679100000096,446.2398211,446.2398211,0.01847479999923962,448.16002189999926,[np.float64(-0.13055555555555556)],[np.float64(0.46944444444444444)],[1],[0],[0],[1.9331387000020186],['target'],2,001,2025-09-28_23h10.29.555,Visual_Search_exp,,2025.1.1,59.65551327293233,2025-09-28 23h10.37.027867 +0530,
167,0,167,[np.float64(-0.2657407407407407)],[np.float64(0.4675925925925926)],[1],[0],[0],[2.2337690999993356],['target'],167,0,167,0,448.19439540000167,,5,448.17981529999815,448.19439540000167,448.19439540000167,0.01965379999819561,450.4136761000009,[np.float64(-0.2657407407407407)],[np.float64(0.4675925925925926)],[1],[0],[0],[2.2337690999993356],['target'],2,001,2025-09-28_23h10.29.555,Visual_Search_exp,,2025.1.1,59.65551327293233,2025-09-28 23h10.37.027867 +0530,
168,0,168,[np.float64(0.06018518518518518)],[np.float64(0.20925925925925926)],[1],[0],[0],[1.6103910999991058],['target'],168,0,168,0,450.46428340000057,,10,450.44528269999864,450.46428340000057,450.46428340000057,0.0314829999988433,452.05575659999886,[np.float64(0.06018518518518518)],[np.float64(0.20925925925925926)],[1],[0],[0],[1.6103910999991058],['target'],2,001,2025-09-28_23h10.29.555,Visual_Search_exp,,2025.1.1,59.65551327293233,2025-09-28 23h10.37.027867 +0530,
169,0,169,[np.float64(-0.2)],[np.float64(-0.23333333333333334)],[1],[0],[0],[2.0406541999982437],['target'],169,0,169,0,452.1078195000009,,10,452.09007890000066,452.1078195000009,452.1078195000009,0.034166500001447275,454.13081500000044,[np.float64(-0.2)],[np.float64(-0.23333333333333334)],[1],[0],[0],[2.0406541999982437],['target'],2,001,2025-09-28_23h10.29.555,Visual_Search_exp,,2025.1.1,59.65551327293233,2025-09-28 23h10.37.027867 +0530,
170,0,170,[np.float64(0.3851851851851852)],[np.float64(-0.4675925925925926)],[1],[0],[0],[5.278609600001801],[None],170,0,170,0,454.1768673000006,,10,454.1612692999988,454.1768673000006,454.1768673000006,0.030222500001400476,459.4399823999993,[np.float64(0.3851851851851852)],[np.float64(-0.4675925925925926)],[1],[0],[0],[5.278609600001801],[None],2,001,2025-09-28_23h10.29.555,Visual_Search_exp,,2025.1.1,59.65551327293233,2025-09-28 23h10.37.027867 +0530,
171,0,171,[np.float64(-0.4703703703703704)],[np.float64(0.019444444444444445)],[1],[0],[0],[1.534178800000518],['target'],171,0,171,0,459.472374500001,,5,459.45787890000065,459.472374500001,459.472374500001,0.017704999998386484,460.9921614999985,[np.float64(-0.4703703703703704)],[np.float64(0.019444444444444445)],[1],[0],[0],[1.534178800000518],['target'],2,001,2025-09-28_23h10.29.555,Visual_Search_exp,,2025.1.1,59.65551327293233,2025-09-28 23h10.37.027867 +0530,
172,0,172,[np.float64(-0.20092592592592592)],[np.float64(-0.4824074074074074)],[1],[0],[0],[4.841939099998854],[None],172,0,172,0,461.04246169999897,,10,461.0239881999987,461.04246169999897,461.04246169999897,0.0316815999976825,465.8660243000013,[np.float64(-0.20092592592592592)],[np.float64(-0.4824074074074074)],[1],[0],[0],[4.841939099998854],[None],2,001,2025-09-28_23h10.29.555,Visual_Search_exp,,2025.1.1,59.65551327293233,2025-09-28 23h10.37.027867 +0530,
173,0,173,[np.float64(-0.29074074074074074)],[np.float64(0.4425925925925926)],[1],[0],[0],[6.69484999999986],['target'],173,0,173,0,465.91479379999873,,10,465.89719630000036,465.91479379999873,465.91479379999873,0.031002799998532282,472.59214630000133,[np.float64(-0.29074074074074074)],[np.float64(0.4425925925925926)],[1],[0],[0],[6.69484999999986],['target'],2,001,2025-09-28_23h10.29.555,Visual_Search_exp,,2025.1.1,59.65551327293233,2025-09-28 23h10.37.027867 +0530,
174,0,174,[np.float64(0.27314814814814814)],[np.float64(-0.17314814814814813)],[1],[0],[0],[2.0779733000017586],['target'],174,0,174,0,472.63935180000044,,10,472.6223788999996,472.63935180000044,472.63935180000044,0.03002090000154567,474.700439799999,[np.float64(0.27314814814814814)],[np.float64(-0.17314814814814813)],[1],[0],[0],[2.0779733000017586],['target'],2,001,2025-09-28_23h10.29.555,Visual_Search_exp,,2025.1.1,59.65551327293233,2025-09-28 23h10.37.027867 +0530,
175,0,175,[np.float64(-0.16944444444444445)],[np.float64(-0.27037037037037037)],[1],[0],[0],[1.6015471999999136],['target'],175,0,175,0,474.73328760000004,,5,474.7189298000012,474.73328760000004,474.73328760000004,0.018348199999309145,476.32056060000104,[np.float64(-0.16944444444444445)],[np.float64(-0.27037037037037037)],[1],[0],[0],[1.6015471999999136],['target'],2,001,2025-09-28_23h10.29.555,Visual_Search_exp,,2025.1.1,59.65551327293233,2025-09-28 23h10.37.027867 +0530,
176,0,176,[np.float64(-0.2175925925925926)],[np.float64(-0.46296296296296297)],[1],[0],[0],[3.8726690000003146],['target'],176,0,176,0,476.37370720000035,,10,476.35531769999943,476.37370720000035,476.37370720000035,0.0346255000004021,480.22806579999815,[np.float64(-0.2175925925925926)],[np.float64(-0.46296296296296297)],[1],[0],[0],[3.8726690000003146],['target'],2,001,2025-09-28_23h10.29.555,Visual_Search_exp,,2025.1.1,59.65551327293233,2025-09-28 23h10.37.027867 +0530,
177,0,177,[np.float64(-0.21388888888888888)],[np.float64(0.37407407407407406)],[1],[0],[0],[2.1178122000019357],[None],177,0,177,0,480.259189299999,,5,480.2454331000008,480.259189299999,480.259189299999,0.017213200000696816,482.3633238000002,[np.float64(-0.21388888888888888)],[np.float64(0.37407407407407406)],[1],[0],[0],[2.1178122000019357],[None],2,001,2025-09-28_23h10.29.555,Visual_Search_exp,,2025.1.1,59.65551327293233,2025-09-28 23h10.37.027867 +0530,
178,0,178,[np.float64(0.046296296296296294)],[np.float64(-0.05277777777777778)],[1],[0],[0],[4.0347144000006665],['target'],178,0,178,0,482.394988,,5,482.3799214999999,482.394988,482.394988,0.016470900001877453,486.41472950000025,[np.float64(0.046296296296296294)],[np.float64(-0.05277777777777778)],[1],[0],[0],[4.0347144000006665],['target'],2,001,2025-09-28_23h10.29.555,Visual_Search_exp,,2025.1.1,59.65551327293233,2025-09-28 23h10.37.027867 +0530,
179,0,179,[np.float64(0.34074074074074073)],[np.float64(0.23703703703703705)],[1],[0],[0],[1.1686909999989439],['target'],179,0,179,0,486.44643409999844,,5,486.4318235999999,486.44643409999844,486.44643409999844,0.016975400001683738,487.60060019999946,[np.float64(0.34074074074074073)],[np.float64(0.23703703703703705)],[1],[0],[0],[1.1686909999989439],['target'],2,001,2025-09-28_23h10.29.555,Visual_Search_exp,,2025.1.1,59.65551327293233,2025-09-28 23h10.37.027867 +0530,
180,0,180,[np.float64(-0.023148148148148147)],[np.float64(0.18425925925925926)],[1],[0],[0],[0.8890750000027765],['target'],180,0,180,0,487.6550639999987,,10,487.63639749999857,487.6550639999987,487.6550639999987,0.03568280000035884,488.5255459,[np.float64(-0.023148148148148147)],[np.float64(0.18425925925925926)],[1],[0],[0],[0.8890750000027765],['target'],2,001,2025-09-28_23h10.29.555,Visual_Search_exp,,2025.1.1,59.65551327293233,2025-09-28 23h10.37.027867 +0530,
181,0,181,[np.float64(0.39351851851851855)],[np.float64(0.27037037037037037)],[1],[0],[0],[2.285479599999235],['target'],181,0,181,0,488.55845939999926,,5,488.5433005999985,488.55845939999926,488.55845939999926,0.01759160000074189,490.82886869999857,[np.float64(0.39351851851851855)],[np.float64(0.27037037037037037)],[1],[0],[0],[2.285479599999235],['target'],2,001,2025-09-28_23h10.29.555,Visual_Search_exp,,2025.1.1,59.65551327293233,2025-09-28 23h10.37.027867 +0530,
182,0,182,[np.float64(-0.2351851851851852)],[np.float64(0.32037037037037036)],[1],[0],[0],[2.325235000000248],['target'],182,0,182,0,490.87912249999863,,10,490.86111600000004,490.87912249999863,490.87912249999863,0.03211890000238782,493.18643149999843,[np.float64(-0.2351851851851852)],[np.float64(0.32037037037037036)],[1],[0],[0],[2.325235000000248],['target'],2,001,2025-09-28_23h10.29.555,Visual_Search_exp,,2025.1.1,59.65551327293233,2025-09-28 23h10.37.027867 +0530,
183,0,183,[np.float64(0.13333333333333333)],[np.float64(-0.24444444444444444)],[1],[0],[0],[2.94090739999956],['target'],183,0,183,0,493.23887489999834,,10,493.2206690999992,493.23887489999834,493.23887489999834,0.034074499999405816,496.16166259999954,[np.float64(0.13333333333333333)],[np.float64(-0.24444444444444444)],[1],[0],[0],[2.94090739999956],['target'],2,001,2025-09-28_23h10.29.555,Visual_Search_exp,,2025.1.1,59.65551327293233,2025-09-28 23h10.37.027867 +0530,
184,0,184,[np.float64(-0.37962962962962965)],[np.float64(0.15648148148148147)],[1],[0],[0],[2.233857600000192],['target'],184,0,184,0,496.19311359999847,,5,496.1788955999982,496.19311359999847,496.19311359999847,0.017070499998226296,498.41283629999816,[np.float64(-0.37962962962962965)],[np.float64(0.15648148148148147)],[1],[0],[0],[2.233857600000192],['target'],2,001,2025-09-28_23h10.29.555,Visual_Search_exp,,2025.1.1,59.65551327293233,2025-09-28 23h10.37.027867 +0530,
185,0,185,[np.float64(0.09351851851851851)],[np.float64(-0.13703703703703704)],[1],[0],[0],[3.634352500001114],[None],185,0,185,0,498.44659110000066,,5,498.4314564000015,498.44659110000066,498.44659110000066,0.018500800000765594,502.0658857000017,[np.float64(0.09351851851851851)],[np.float64(-0.13703703703703704)],[1],[0],[0],[3.634352500001114],[None],2,001,2025-09-28_23h10.29.555,Visual_Search_exp,,2025.1.1,59.65551327293233,2025-09-28 23h10.37.027867 +0530,
186,0,186,[np.float64(0.22685185185185186)],[np.float64(0.37777777777777777)],[1],[0],[0],[1.4846125000003667],['target'],186,0,186,0,502.0983029000017,,5,502.0837716999995,502.0983029000017,502.0983029000017,0.017620099999476224,503.56846550000046,[np.float64(0.22685185185185186)],[np.float64(0.37777777777777777)],[1],[0],[0],[1.4846125000003667],['target'],2,001,2025-09-28_23h10.29.555,Visual_Search_exp,,2025.1.1,59.65551327293233,2025-09-28 23h10.37.027867 +0530,
187,0,187,[np.float64(-0.2777777777777778)],[np.float64(0.47962962962962963)],[1],[0],[0],[3.5757243000007293],[None],187,0,187,0,503.62172089999876,,10,503.60231320000094,503.62172089999876,503.62172089999876,0.03372560000207159,507.17812050000066,[np.float64(-0.2777777777777778)],[np.float64(0.47962962962962963)],[1],[0],[0],[3.5757243000007293],[None],2,001,2025-09-28_23h10.29.555,Visual_Search_exp,,2025.1.1,59.65551327293233,2025-09-28 23h10.37.027867 +0530,
188,0,188,[np.float64(-0.3101851851851852)],[np.float64(0.17962962962962964)],[1],[0],[0],[4.167403199997352],['target'],188,0,188,0,507.2108038000006,,5,507.19693990000087,507.2108038000006,507.2108038000006,0.01866639999934705,511.36441879999984,[np.float64(-0.3101851851851852)],[np.float64(0.17962962962962964)],[1],[0],[0],[4.167403199997352],['target'],2,001,2025-09-28_23h10.29.555,Visual_Search_exp,,2025.1.1,59.65551327293233,2025-09-28 23h10.37.027867 +0530,
189,0,189,[np.float64(0.17592592592592593)],[np.float64(-0.26481481481481484)],[1],[0],[0],[2.149443899998005],['target'],189,0,189,0,511.3943594000011,,5,511.381487300001,511.3943594000011,511.3943594000011,0.016916299999138573,513.5310194000012,[np.float64(0.17592592592592593)],[np.float64(-0.26481481481481484)],[1],[0],[0],[2.149443899998005],['target'],2,001,2025-09-28_23h10.29.555,Visual_Search_exp,,2025.1.1,59.65551327293233,2025-09-28 23h10.37.027867 +0530,
190,0,190,[np.float64(0.13796296296296295)],[np.float64(0.000925925925925926)],[1],[0],[0],[1.1084541999989597],['target'],190,0,190,0,513.5811638000014,,10,513.5641617000001,513.5811638000014,513.5811638000014,0.03300139999919338,514.6727007000009,[np.float64(0.13796296296296295)],[np.float64(0.000925925925925926)],[1],[0],[0],[1.1084541999989597],['target'],2,001,2025-09-28_23h10.29.555,Visual_Search_exp,,2025.1.1,59.65551327293233,2025-09-28 23h10.37.027867 +0530,
191,0,191,[np.float64(-0.17037037037037037)],[np.float64(0.07037037037037037)],[1],[0],[0],[1.1830626000009943],['target'],191,0,191,0,514.7029616,,5,514.6901042999998,514.7029616,514.7029616,0.01725549999900977,515.8732486000008,[np.float64(-0.17037037037037037)],[np.float64(0.07037037037037037)],[1],[0],[0],[1.1830626000009943],['target'],2,001,2025-09-28_23h10.29.555,Visual_Search_exp,,2025.1.1,59.65551327293233,2025-09-28 23h10.37.027867 +0530,
192,0,192,[np.float64(-0.2972222222222222)],[np.float64(-0.3537037037037037)],[1],[0],[0],[3.5597321999994165],['target'],192,0,192,0,515.9233926000015,,10,515.9047924000006,515.9233926000015,515.9233926000015,0.03141739999773563,519.4646142999991,[np.float64(-0.2972222222222222)],[np.float64(-0.3537037037037037)],[1],[0],[0],[3.5597321999994165],['target'],2,001,2025-09-28_23h10.29.555,Visual_Search_exp,,2025.1.1,59.65551327293233,2025-09-28 23h10.37.027867 +0530,
193,0,193,[np.float64(-0.14074074074074075)],[np.float64(-0.18888888888888888)],[1],[0],[0],[1.7753382000009879],['target'],193,0,193,0,519.5168177000014,,10,519.4977894000003,519.5168177000014,519.5168177000014,0.032927899999776855,521.2732391999998,[np.float64(-0.14074074074074075)],[np.float64(-0.18888888888888888)],[1],[0],[0],[1.7753382000009879],['target'],2,001,2025-09-28_23h10.29.555,Visual_Search_exp,,2025.1.1,59.65551327293233,2025-09-28 23h10.37.027867 +0530,
194,0,194,[np.float64(-0.4185185185185185)],[np.float64(0.22685185185185186)],[1],[0],[0],[1.9739068000017141],['target'],194,0,194,0,521.326215699999,,10,521.3075891000008,521.326215699999,521.326215699999,0.034178699999756645,523.2815864000004,[np.float64(-0.4185185185185185)],[np.float64(0.22685185185185186)],[1],[0],[0],[1.9739068000017141],['target'],2,001,2025-09-28_23h10.29.555,Visual_Search_exp,,2025.1.1,59.65551327293233,2025-09-28 23h10.37.027867 +0530,
195,0,195,[np.float64(0.35)],[np.float64(0.17962962962962964)],[1],[0],[0],[1.7510346999988542],['target'],195,0,195,0,523.3132377000002,,5,523.2982350999991,523.3132377000002,523.3132377000002,0.016490400001202943,525.0493576000008,[np.float64(0.35)],[np.float64(0.17962962962962964)],[1],[0],[0],[1.7510346999988542],['target'],2,001,2025-09-28_23h10.29.555,Visual_Search_exp,,2025.1.1,59.65551327293233,2025-09-28 23h10.37.027867 +0530,
196,0,196,[np.float64(0.25092592592592594)],[np.float64(0.22777777777777777)],[1],[0],[0],[1.4172448999997869],['target'],196,0,196,0,525.0816678999981,,5,525.066470400001,525.0816678999981,525.0816678999981,0.01698730000134674,526.4837909999987,[np.float64(0.25092592592592594)],[np.float64(0.22777777777777777)],[1],[0],[0],[1.4172448999997869],['target'],2,001,2025-09-28_23h10.29.555,Visual_Search_exp,,2025.1.1,59.65551327293233,2025-09-28 23h10.37.027867 +0530,
197,0,197,[np.float64(0.13148148148148148)],[np.float64(-0.10277777777777777)],[1],[0],[0],[1.9012013999999908],['target'],197,0,197,0,526.5168526999987,,5,526.5029221000004,526.5168526999987,526.5168526999987,0.019008899998880224,528.4042012999998,[np.float64(0.13148148148148148)],[np.float64(-0.10277777777777777)],[1],[0],[0],[1.9012013999999908],['target'],2,001,2025-09-28_23h10.29.555,Visual_Search_exp,,2025.1.1,59.65551327293233,2025-09-28 23h10.37.027867 +0530,
198,0,198,[np.float64(0.17962962962962964)],[np.float64(-0.025925925925925925)],[1],[0],[0],[1.8931523999999627],['target'],198,0,198,0,528.4545548999995,,10,528.4360393999996,528.4545548999995,528.4545548999995,0.031715500001155306,530.3292862999988,[np.float64(0.17962962962962964)],[np.float64(-0.025925925925925925)],[1],[0],[0],[1.8931523999999627],['target'],2,001,2025-09-28_23h10.29.555,Visual_Search_exp,,2025.1.1,59.65551327293233,2025-09-28 23h10.37.027867 +0530,
199,0,199,[np.float64(0.48055555555555557)],[np.float64(-0.32037037037037036)],[1],[0],[0],[2.1004659999998694],['target'],199,0,199,0,530.3609709999982,,5,530.3468814000007,530.3609709999982,530.3609709999982,0.017360399997414788,532.4474263000011,[np.float64(0.48055555555555557)],[np.float64(-0.32037037037037036)],[1],[0],[0],[2.1004659999998694],['target'],2,001,2025-09-28_23h10.29.555,Visual_Search_exp,,2025.1.1,59.65551327293233,2025-09-28 23h10.37.027867 +0530,
