thisN,thisTrialN,thisRepN,key_resp.keys,key_resp.corr,key_resp.rt,key_resp.duration,tilt,trials.thisRepN,trials.thisTrialN,trials.thisN,trials.thisIndex,thisRow.t,notes,trial.started,fixation.started,key_resp.started,fixation.stopped,trial.stopped,trials.key_resp.keys,trials.key_resp.corr,trials.key_resp.rt,trials.key_resp.duration,trials.tilt,participant,session,date,expName,expVersion,psychopyVersion,frameRate,expStart,
0,0,0,up,1,0.4903033999726176,None,0,0,0,0,0,0.01674639992415905,,0.007842899998649955,0.01674639992415905,1.0893868999555707,1.1076388000510633,1.7307476000860333,up,1,0.4903033999726176,None,0,6124,001,2025-09-09_11h35.15.472,signal_detection_orien_psychopy,,2025.1.1,59.9645129683566,2025-09-09 11h35.33.108185 +0530,
1,0,1,up,1,0.5792956000659615,None,0,1,0,1,0,1.7406031000427902,,1.7312431999016553,1.7406031000427902,2.733167599886656,2.748581300023943,3.315770999994129,up,1,0.5792956000659615,None,0,6124,001,2025-09-09_11h35.15.472,signal_detection_orien_psychopy,,2025.1.1,59.9645129683566,2025-09-09 11h35.33.108185 +0530,
2,0,2,down,1,0.6235301999840885,None,4,2,0,2,0,3.331479199929163,,3.316077800001949,3.331479199929163,4.317802499979734,4.333153399871662,4.948998200008646,down,1,0.6235301999840885,None,4,6124,001,2025-09-09_11h35.15.472,signal_detection_orien_psychopy,,2025.1.1,59.9645129683566,2025-09-09 11h35.33.108185 +0530,
3,0,3,down,0,0.6560788999777287,None,0,3,0,3,0,4.965943200048059,,4.949238799978048,4.965943200048059,5.949926999863237,5.9668771000579,6.616813499946147,down,0,0.6560788999777287,None,0,6124,001,2025-09-09_11h35.15.472,signal_detection_orien_psychopy,,2025.1.1,59.9645129683566,2025-09-09 11h35.33.108185 +0530,
4,0,4,down,1,0.68576669995673,None,-2,4,0,4,0,6.631938699865714,,6.617072900058702,6.631938699865714,7.616046899929643,7.63330619991757,8.316265099914744,down,1,0.68576669995673,None,-2,6124,001,2025-09-09_11h35.15.472,signal_detection_orien_psychopy,,2025.1.1,59.9645129683566,2025-09-09 11h35.33.108185 +0530,
5,0,5,down,1,0.6933472000528127,None,-2,5,0,5,0,8.332571299979463,,8.316580299986526,8.332571299979463,9.316600000020117,9.335853799944744,10.015757099958137,down,1,0.6933472000528127,None,-2,6124,001,2025-09-09_11h35.15.472,signal_detection_orien_psychopy,,2025.1.1,59.9645129683566,2025-09-09 11h35.33.108185 +0530,
6,0,6,up,0,0.49680990003980696,None,-2,6,0,6,0,10.031302500050515,,10.016021099872887,10.031302500050515,11.016665099887177,11.03295459994115,11.517935199895874,up,0,0.49680990003980696,None,-2,6124,001,2025-09-09_11h35.15.472,signal_detection_orien_psychopy,,2025.1.1,59.9645129683566,2025-09-09 11h35.33.108185 +0530,
7,0,7,up,1,0.5580342998728156,None,0,7,0,7,0,11.53214029991068,,11.51836370001547,11.53214029991068,12.532878699945286,12.532878699945286,13.099672799929976,up,1,0.5580342998728156,None,0,6124,001,2025-09-09_11h35.15.472,signal_detection_orien_psychopy,,2025.1.1,59.9645129683566,2025-09-09 11h35.33.108185 +0530,
8,0,8,down,1,0.6958331998903304,None,1,8,0,8,0,13.115802499931306,,13.099979300051928,13.115802499931306,14.099689099937677,14.116343199973926,14.800960399908945,down,1,0.6958331998903304,None,1,6124,001,2025-09-09_11h35.15.472,signal_detection_orien_psychopy,,2025.1.1,59.9645129683566,2025-09-09 11h35.33.108185 +0530,
9,0,9,down,0,0.7559203999117017,None,0,9,0,9,0,14.815385099966079,,14.801288099959493,14.815385099966079,15.816850899951532,15.816850899951532,16.582428199937567,down,0,0.7559203999117017,None,0,6124,001,2025-09-09_11h35.15.472,signal_detection_orien_psychopy,,2025.1.1,59.9645129683566,2025-09-09 11h35.33.108185 +0530,
10,0,10,up,0,0.37181350006721914,None,-3,10,0,10,0,16.598349699983373,,16.58275240007788,16.598349699983373,17.5831804999616,17.60012359987013,17.965385399991646,up,0,0.37181350006721914,None,-3,6124,001,2025-09-09_11h35.15.472,signal_detection_orien_psychopy,,2025.1.1,59.9645129683566,2025-09-09 11h35.33.108185 +0530,
11,0,11,down,1,0.7931590999942273,None,3,11,0,11,0,17.982876499881968,,17.96583510003984,17.982876499881968,18.96658720006235,18.98310129996389,19.76596280001104,down,1,0.7931590999942273,None,3,6124,001,2025-09-09_11h35.15.472,signal_detection_orien_psychopy,,2025.1.1,59.9645129683566,2025-09-09 11h35.33.108185 +0530,
12,0,12,up,1,0.5466691998299211,None,0,12,0,12,0,19.7826368000824,,19.766195199918002,19.7826368000824,20.766818499891087,20.78260809998028,21.317565500037745,up,1,0.5466691998299211,None,0,6124,001,2025-09-09_11h35.15.472,signal_detection_orien_psychopy,,2025.1.1,59.9645129683566,2025-09-09 11h35.33.108185 +0530,
13,0,13,up,1,0.590673599857837,None,0,13,0,13,0,21.333372900029644,,21.317865599878132,21.333372900029644,22.316471100086346,22.33326300000772,22.916059700073674,up,1,0.590673599857837,None,0,6124,001,2025-09-09_11h35.15.472,signal_detection_orien_psychopy,,2025.1.1,59.9645129683566,2025-09-09 11h35.33.108185 +0530,
14,0,14,up,1,0.543084800010547,None,0,14,0,14,0,22.932587600080296,,22.91629599989392,22.932587600080296,23.916436200030148,23.933103600051254,24.465535399969667,up,1,0.543084800010547,None,0,6124,001,2025-09-09_11h35.15.472,signal_detection_orien_psychopy,,2025.1.1,59.9645129683566,2025-09-09 11h35.33.108185 +0530,
15,0,15,up,1,0.6133685999084264,None,0,15,0,15,0,24.482084200019017,,24.465916899964213,24.482084200019017,25.467059300048277,25.48327749990858,26.0831011000555,up,1,0.6133685999084264,None,0,6124,001,2025-09-09_11h35.15.472,signal_detection_orien_psychopy,,2025.1.1,59.9645129683566,2025-09-09 11h35.33.108185 +0530,
16,0,16,down,0,0.5831788000650704,None,0,16,0,16,0,26.09826390002854,,26.083397899987176,26.09826390002854,27.099085499998182,27.099085499998182,27.683214799966663,down,0,0.5831788000650704,None,0,6124,001,2025-09-09_11h35.15.472,signal_detection_orien_psychopy,,2025.1.1,59.9645129683566,2025-09-09 11h35.33.108185 +0530,
17,0,17,down,1,0.5846977999899536,None,-3,17,0,17,0,27.69858830003068,,27.683548799948767,27.69858830003068,28.683797399979085,28.700299399904907,29.283940399996936,down,1,0.5846977999899536,None,-3,6124,001,2025-09-09_11h35.15.472,signal_detection_orien_psychopy,,2025.1.1,59.9645129683566,2025-09-09 11h35.33.108185 +0530,
18,0,18,down,1,0.6433916999958456,None,4,18,0,18,0,29.299522900022566,,29.284218600019813,29.299522900022566,30.283370699966326,30.299360200064257,30.932968799956143,down,1,0.6433916999958456,None,4,6124,001,2025-09-09_11h35.15.472,signal_detection_orien_psychopy,,2025.1.1,59.9645129683566,2025-09-09 11h35.33.108185 +0530,
19,0,19,down,1,0.609930400038138,None,-2,19,0,19,0,30.94893559999764,,30.933402499882504,30.94893559999764,31.933781000087038,31.948666099924594,32.548717099940404,down,1,0.609930400038138,None,-2,6124,001,2025-09-09_11h35.15.472,signal_detection_orien_psychopy,,2025.1.1,59.9645129683566,2025-09-09 11h35.33.108185 +0530,
20,0,20,up,0,0.5244679998140782,None,3,20,0,20,0,32.565260800067335,,32.54902620008215,32.565260800067335,33.56515559996478,33.58110850001685,34.097443599952385,up,0,0.5244679998140782,None,3,6124,001,2025-09-09_11h35.15.472,signal_detection_orien_psychopy,,2025.1.1,59.9645129683566,2025-09-09 11h35.33.108185 +0530,
21,0,21,down,1,0.7005304000340402,None,-3,21,0,21,0,34.11500460002571,,34.09766289987601,34.11500460002571,35.09848679997958,35.11529910005629,35.815394199918956,down,1,0.7005304000340402,None,-3,6124,001,2025-09-09_11h35.15.472,signal_detection_orien_psychopy,,2025.1.1,59.9645129683566,2025-09-09 11h35.33.108185 +0530,
22,0,22,up,0,0.5974349000025541,None,2,22,0,22,0,35.83087749988772,,35.815608999924734,35.83087749988772,36.81633080006577,36.83385799988173,37.416364199947566,up,0,0.5974349000025541,None,2,6124,001,2025-09-09_11h35.15.472,signal_detection_orien_psychopy,,2025.1.1,59.9645129683566,2025-09-09 11h35.33.108185 +0530,
23,0,23,up,1,0.6963892001658678,None,0,23,0,23,0,37.43366219988093,,37.416613299865276,37.43366219988093,38.41719519998878,38.43388539995067,39.11761359986849,up,1,0.6963892001658678,None,0,6124,001,2025-09-09_11h35.15.472,signal_detection_orien_psychopy,,2025.1.1,59.9645129683566,2025-09-09 11h35.33.108185 +0530,
24,0,24,down,1,0.5970616999547929,None,-2,24,0,24,0,39.13384220004082,,39.1179144999478,39.13384220004082,40.133409600006416,40.133409600006416,40.73444869997911,down,1,0.5970616999547929,None,-2,6124,001,2025-09-09_11h35.15.472,signal_detection_orien_psychopy,,2025.1.1,59.9645129683566,2025-09-09 11h35.33.108185 +0530,
25,0,25,up,1,0.5733873001299798,None,0,25,0,25,0,40.750262500019744,,40.73472289997153,40.750262500019744,41.73391250008717,41.7501312000677,42.316319999983534,up,1,0.5733873001299798,None,0,6124,001,2025-09-09_11h35.15.472,signal_detection_orien_psychopy,,2025.1.1,59.9645129683566,2025-09-09 11h35.33.108185 +0530,
26,0,26,up,0,0.7030265999492258,None,-4,26,0,26,0,42.33180280006491,,42.316622300073504,42.33180280006491,43.31725690001622,43.33394280006178,44.033397800056264,up,0,0.7030265999492258,None,-4,6124,001,2025-09-09_11h35.15.472,signal_detection_orien_psychopy,,2025.1.1,59.9645129683566,2025-09-09 11h35.33.108185 +0530,
27,0,27,down,0,0.5064265001565218,None,0,27,0,27,0,44.04912499990314,,44.033800799865276,44.04912499990314,45.034291399875656,45.050479700090364,45.55134049989283,down,0,0.5064265001565218,None,0,6124,001,2025-09-09_11h35.15.472,signal_detection_orien_psychopy,,2025.1.1,59.9645129683566,2025-09-09 11h35.33.108185 +0530,
28,0,28,down,0,0.47639610012993217,None,0,28,0,28,0,45.565679699881,,45.551790999947116,45.565679699881,46.56555980001576,46.56555980001576,47.051635100040585,down,0,0.47639610012993217,None,0,6124,001,2025-09-09_11h35.15.472,signal_detection_orien_psychopy,,2025.1.1,59.9645129683566,2025-09-09 11h35.33.108185 +0530,
29,0,29,up,1,0.5335365000646561,None,0,29,0,29,0,47.07127150008455,,47.0519701000303,47.07127150008455,48.06743500009179,48.084057099884376,48.61672049993649,up,1,0.5335365000646561,None,0,6124,001,2025-09-09_11h35.15.472,signal_detection_orien_psychopy,,2025.1.1,59.9645129683566,2025-09-09 11h35.33.108185 +0530,
30,0,30,down,0,0.5857430999167264,None,0,30,0,30,0,48.63288759998977,,48.61697639990598,48.63288759998977,49.616949500050396,49.63407610007562,50.21695899986662,down,0,0.5857430999167264,None,0,6124,001,2025-09-09_11h35.15.472,signal_detection_orien_psychopy,,2025.1.1,59.9645129683566,2025-09-09 11h35.33.108185 +0530,
31,0,31,up,1,0.36586389993317425,None,0,31,0,31,0,50.23314130003564,,50.21729280008003,50.23314130003564,51.21672670007683,51.234328399877995,51.599602200090885,up,1,0.36586389993317425,None,0,6124,001,2025-09-09_11h35.15.472,signal_detection_orien_psychopy,,2025.1.1,59.9645129683566,2025-09-09 11h35.33.108185 +0530,
32,0,32,down,0,0.4403023000340909,None,0,32,0,32,0,51.61713039991446,,51.60000399989076,51.61713039991446,52.60034739994444,52.61780099989846,53.05137709993869,down,0,0.4403023000340909,None,0,6124,001,2025-09-09_11h35.15.472,signal_detection_orien_psychopy,,2025.1.1,59.9645129683566,2025-09-09 11h35.33.108185 +0530,
33,0,33,up,1,0.6076333001255989,None,0,33,0,33,0,53.067525800084695,,53.05165189993568,53.067525800084695,54.06763589987531,54.08440489997156,54.68295009993017,up,1,0.6076333001255989,None,0,6124,001,2025-09-09_11h35.15.472,signal_detection_orien_psychopy,,2025.1.1,59.9645129683566,2025-09-09 11h35.33.108185 +0530,
34,0,34,down,1,0.73578320001252,None,3,34,0,34,0,54.70023799990304,,54.68332469998859,54.70023799990304,55.68378830002621,55.700855100061744,56.433949700091034,down,1,0.73578320001252,None,3,6124,001,2025-09-09_11h35.15.472,signal_detection_orien_psychopy,,2025.1.1,59.9645129683566,2025-09-09 11h35.33.108185 +0530,
35,0,35,down,1,0.646584999980405,None,4,35,0,35,0,56.450087500037625,,56.43426780006848,56.450087500037625,57.43394919997081,57.450893099885434,58.084548000013456,down,1,0.646584999980405,None,4,6124,001,2025-09-09_11h35.15.472,signal_detection_orien_psychopy,,2025.1.1,59.9645129683566,2025-09-09 11h35.33.108185 +0530,
36,0,36,up,1,0.5264912999700755,None,0,36,0,36,0,58.09961949987337,,58.08503800001927,58.09961949987337,59.10093700001016,59.10093700001016,59.6337830000557,up,1,0.5264912999700755,None,0,6124,001,2025-09-09_11h35.15.472,signal_detection_orien_psychopy,,2025.1.1,59.9645129683566,2025-09-09 11h35.33.108185 +0530,
37,0,37,up,0,0.7472198000177741,None,1,37,0,37,0,59.649996399879456,,59.634088800055906,59.649996399879456,60.63460509991273,60.65136020001955,61.38290049997158,up,0,0.7472198000177741,None,1,6124,001,2025-09-09_11h35.15.472,signal_detection_orien_psychopy,,2025.1.1,59.9645129683566,2025-09-09 11h35.33.108185 +0530,
38,0,38,down,0,0.551236999919638,None,0,38,0,38,0,61.40120969992131,,61.38313729991205,61.40120969992131,62.38429980003275,62.40110930008814,62.951275300001726,down,0,0.551236999919638,None,0,6124,001,2025-09-09_11h35.15.472,signal_detection_orien_psychopy,,2025.1.1,59.9645129683566,2025-09-09 11h35.33.108185 +0530,
39,0,39,up,1,0.5196726999711245,None,0,39,0,39,0,62.96773750009015,,62.951560999965295,62.96773750009015,63.96771920006722,63.96771920006722,64.49952009995468,up,1,0.5196726999711245,None,0,6124,001,2025-09-09_11h35.15.472,signal_detection_orien_psychopy,,2025.1.1,59.9645129683566,2025-09-09 11h35.33.108185 +0530,
40,0,40,down,1,0.4376658000983298,None,-3,40,0,40,0,64.51770399999805,,64.49978139996529,64.51770399999805,65.50064589991234,65.51725169993006,65.95134530006908,down,1,0.4376658000983298,None,-3,6124,001,2025-09-09_11h35.15.472,signal_detection_orien_psychopy,,2025.1.1,59.9645129683566,2025-09-09 11h35.33.108185 +0530,
41,0,41,up,1,0.5334499999880791,None,0,41,0,41,0,65.96637069992721,,65.95164459990337,65.96637069992721,66.9675129998941,66.9675129998941,67.51765520009212,up,1,0.5334499999880791,None,0,6124,001,2025-09-09_11h35.15.472,signal_detection_orien_psychopy,,2025.1.1,59.9645129683566,2025-09-09 11h35.33.108185 +0530,
42,0,42,up,1,0.512974499957636,None,0,42,0,42,0,67.53297589998692,,67.51802930003032,67.53297589998692,68.53405770007521,68.53405770007521,69.04960049991496,up,1,0.512974499957636,None,0,6124,001,2025-09-09_11h35.15.472,signal_detection_orien_psychopy,,2025.1.1,59.9645129683566,2025-09-09 11h35.33.108185 +0530,
43,0,43,up,1,0.5834296999964863,None,0,43,0,43,0,69.0658857000526,,69.04983759997413,69.0658857000526,70.05054449988529,70.06763679999858,70.65069389995188,up,1,0.5834296999964863,None,0,6124,001,2025-09-09_11h35.15.472,signal_detection_orien_psychopy,,2025.1.1,59.9645129683566,2025-09-09 11h35.33.108185 +0530,
44,0,44,down,0,0.547154399799183,None,0,44,0,44,0,70.66685749986209,,70.65096709993668,70.66685749986209,71.66713110008277,71.68319360003807,72.21829740004614,down,0,0.547154399799183,None,0,6124,001,2025-09-09_11h35.15.472,signal_detection_orien_psychopy,,2025.1.1,59.9645129683566,2025-09-09 11h35.33.108185 +0530,
45,0,45,down,1,0.5931481001898646,None,-3,45,0,45,0,72.23279020003974,,72.21859980002046,72.23279020003974,73.21722059999593,73.23391429986805,73.81695390003733,down,1,0.5931481001898646,None,-3,6124,001,2025-09-09_11h35.15.472,signal_detection_orien_psychopy,,2025.1.1,59.9645129683566,2025-09-09 11h35.33.108185 +0530,
46,0,46,up,1,0.6179884998127818,None,0,46,0,46,0,73.83259720006026,,73.81724469992332,73.83259720006026,74.81732179992832,74.83411110006273,75.45036519994028,up,1,0.6179884998127818,None,0,6124,001,2025-09-09_11h35.15.472,signal_detection_orien_psychopy,,2025.1.1,59.9645129683566,2025-09-09 11h35.33.108185 +0530,
47,0,47,up,0,0.6105066000018269,None,4,47,0,47,0,75.46690070000477,,75.45066779991612,75.46690070000477,76.45032679988071,76.46779819997028,77.06783529999666,up,0,0.6105066000018269,None,4,6124,001,2025-09-09_11h35.15.472,signal_detection_orien_psychopy,,2025.1.1,59.9645129683566,2025-09-09 11h35.33.108185 +0530,
48,0,48,down,0,0.609340799972415,None,0,48,0,48,0,77.08274360001087,,77.06812720000744,77.08274360001087,78.08453799993731,78.08453799993731,78.69988030008972,down,0,0.609340799972415,None,0,6124,001,2025-09-09_11h35.15.472,signal_detection_orien_psychopy,,2025.1.1,59.9645129683566,2025-09-09 11h35.33.108185 +0530,
49,0,49,up,1,0.5282664999831468,None,0,49,0,49,0,78.71580119989812,,78.70025700004771,78.71580119989812,79.70095860003494,79.71584980003536,80.23412010003813,up,1,0.5282664999831468,None,0,6124,001,2025-09-09_11h35.15.472,signal_detection_orien_psychopy,,2025.1.1,59.9645129683566,2025-09-09 11h35.33.108185 +0530,
50,0,50,down,1,0.5265822999645025,None,-4,50,0,50,0,80.24970069993287,,80.23445450002328,80.24970069993287,81.234466599999,81.24983049998991,81.76759719988331,down,1,0.5265822999645025,None,-4,6124,001,2025-09-09_11h35.15.472,signal_detection_orien_psychopy,,2025.1.1,59.9645129683566,2025-09-09 11h35.33.108185 +0530,
51,0,51,down,1,0.6256635000463575,None,-2,51,0,51,0,81.78234519995749,,81.76790630002506,81.78234519995749,82.78412050008774,82.78412050008774,83.41676030005328,down,1,0.6256635000463575,None,-2,6124,001,2025-09-09_11h35.15.472,signal_detection_orien_psychopy,,2025.1.1,59.9645129683566,2025-09-09 11h35.33.108185 +0530,
52,0,52,down,1,0.6670644998084754,None,3,52,0,52,0,83.43315490009263,,83.41712370002642,83.43315490009263,84.4175861000549,84.43464770005085,85.10071079991758,down,1,0.6670644998084754,None,3,6124,001,2025-09-09_11h35.15.472,signal_detection_orien_psychopy,,2025.1.1,59.9645129683566,2025-09-09 11h35.33.108185 +0530,
53,0,53,up,0,0.5548847001045942,None,1,53,0,53,0,85.11642289999872,,85.10099010006525,85.11642289999872,86.10058730002493,86.117588999914,86.66699089994654,up,0,0.5548847001045942,None,1,6124,001,2025-09-09_11h35.15.472,signal_detection_orien_psychopy,,2025.1.1,59.9645129683566,2025-09-09 11h35.33.108185 +0530,
54,0,54,up,1,0.4645897001028061,None,0,54,0,54,0,86.68437039991841,,86.66728419996798,86.68437039991841,87.66713880002499,87.68410700000823,88.13366979989223,up,1,0.4645897001028061,None,0,6124,001,2025-09-09_11h35.15.472,signal_detection_orien_psychopy,,2025.1.1,59.9645129683566,2025-09-09 11h35.33.108185 +0530,
55,0,55,up,1,0.45706110005266964,None,0,55,0,55,0,88.15092150005512,,88.13390589994378,88.15092150005512,89.13445080001839,89.15171779994853,89.5999187999405,up,1,0.45706110005266964,None,0,6124,001,2025-09-09_11h35.15.472,signal_detection_orien_psychopy,,2025.1.1,59.9645129683566,2025-09-09 11h35.33.108185 +0530,
56,0,56,up,0,0.5227453999686986,None,-2,56,0,56,0,89.61598329991102,,89.60025739995763,89.61598329991102,90.60135019989684,90.61813369998708,91.13408129988238,up,0,0.5227453999686986,None,-2,6124,001,2025-09-09_11h35.15.472,signal_detection_orien_psychopy,,2025.1.1,59.9645129683566,2025-09-09 11h35.33.108185 +0530,
57,0,57,up,1,0.5636383998207748,None,0,57,0,57,0,91.15000470005907,,91.13431750005111,91.15000470005907,92.13422870007344,92.15130440006033,92.70221249992028,up,1,0.5636383998207748,None,0,6124,001,2025-09-09_11h35.15.472,signal_detection_orien_psychopy,,2025.1.1,59.9645129683566,2025-09-09 11h35.33.108185 +0530,
58,0,58,down,1,0.4473323000129312,None,4,58,0,58,0,92.71666999999434,,92.70252879988402,92.71666999999434,93.71803179988638,93.71803179988638,94.16683160001412,down,1,0.4473323000129312,None,4,6124,001,2025-09-09_11h35.15.472,signal_detection_orien_psychopy,,2025.1.1,59.9645129683566,2025-09-09 11h35.33.108185 +0530,
59,0,59,down,0,0.5970632000826299,None,0,59,0,59,0,94.18430189997889,,94.1670716998633,94.18430189997889,95.16782439989038,95.18426660005935,95.76727199996822,down,0,0.5970632000826299,None,0,6124,001,2025-09-09_11h35.15.472,signal_detection_orien_psychopy,,2025.1.1,59.9645129683566,2025-09-09 11h35.33.108185 +0530,
60,0,60,up,1,0.45162020018324256,None,0,60,0,60,0,95.78316650004126,,95.7675278999377,95.78316650004126,96.76766039989889,96.78521719994023,97.23444560007192,up,1,0.45162020018324256,None,0,6124,001,2025-09-09_11h35.15.472,signal_detection_orien_psychopy,,2025.1.1,59.9645129683566,2025-09-09 11h35.33.108185 +0530,
61,0,61,down,1,0.5380003999453038,None,3,61,0,61,0,97.25061969994567,,97.23479050002061,97.25061969994567,98.25101440004073,98.25101440004073,98.80079469992779,down,1,0.5380003999453038,None,3,6124,001,2025-09-09_11h35.15.472,signal_detection_orien_psychopy,,2025.1.1,59.9645129683566,2025-09-09 11h35.33.108185 +0530,
62,0,62,down,1,0.5053654999937862,None,1,62,0,62,0,98.81680830009282,,98.80111170001328,98.81680830009282,99.80101100006141,99.8180692999158,100.31746639986522,down,1,0.5053654999937862,None,1,6124,001,2025-09-09_11h35.15.472,signal_detection_orien_psychopy,,2025.1.1,59.9645129683566,2025-09-09 11h35.33.108185 +0530,
63,0,63,down,1,0.536183699965477,None,-4,63,0,63,0,100.33351829997264,,100.31781699997373,100.33351829997264,101.31681809993461,101.33440229995176,101.86871309997514,down,1,0.536183699965477,None,-4,6124,001,2025-09-09_11h35.15.472,signal_detection_orien_psychopy,,2025.1.1,59.9645129683566,2025-09-09 11h35.33.108185 +0530,
64,0,64,down,1,0.6096121999435127,None,-4,64,0,64,0,101.88485989999026,,101.86897829989903,101.88485989999026,102.88464559987187,102.88464559987187,103.50061600003392,down,1,0.6096121999435127,None,-4,6124,001,2025-09-09_11h35.15.472,signal_detection_orien_psychopy,,2025.1.1,59.9645129683566,2025-09-09 11h35.33.108185 +0530,
65,0,65,up,0,0.6302795999217778,None,-5,65,0,65,0,103.51699859998189,,103.50092769996263,103.51699859998189,104.50117549998686,104.51667429995723,105.13327570003457,up,0,0.6302795999217778,None,-5,6124,001,2025-09-09_11h35.15.472,signal_detection_orien_psychopy,,2025.1.1,59.9645129683566,2025-09-09 11h35.33.108185 +0530,
66,0,66,down,1,0.7677745001856238,None,4,66,0,66,0,105.15042830002494,,105.1335813999176,105.15042830002494,106.13452429999597,106.15169829991646,106.91765249986202,down,1,0.7677745001856238,None,4,6124,001,2025-09-09_11h35.15.472,signal_detection_orien_psychopy,,2025.1.1,59.9645129683566,2025-09-09 11h35.33.108185 +0530,
67,0,67,up,0,0.7000913000665605,None,1,67,0,67,0,106.93467450002208,,106.91794020007364,106.93467450002208,107.9179557999596,107.9345142999664,108.6350227999501,up,0,0.7000913000665605,None,1,6124,001,2025-09-09_11h35.15.472,signal_detection_orien_psychopy,,2025.1.1,59.9645129683566,2025-09-09 11h35.33.108185 +0530,
68,0,68,down,1,0.41329910000786185,None,1,68,0,68,0,108.65071090008132,,108.63528549997136,108.65071090008132,109.6512668998912,109.6512668998912,110.06796310003847,down,1,0.41329910000786185,None,1,6124,001,2025-09-09_11h35.15.472,signal_detection_orien_psychopy,,2025.1.1,59.9645129683566,2025-09-09 11h35.33.108185 +0530,
69,0,69,up,1,0.5663403999060392,None,0,69,0,69,0,110.08365789987147,,110.06838819989935,110.08365789987147,111.0680893000681,111.08514370000921,111.65232619992457,up,1,0.5663403999060392,None,0,6124,001,2025-09-09_11h35.15.472,signal_detection_orien_psychopy,,2025.1.1,59.9645129683566,2025-09-09 11h35.33.108185 +0530,
70,0,70,down,1,0.46568670007400215,None,-5,70,0,70,0,111.67458250001073,,111.65267800004221,111.67458250001073,112.66799989994615,112.68509229994379,113.13574970001355,down,1,0.46568670007400215,None,-5,6124,001,2025-09-09_11h35.15.472,signal_detection_orien_psychopy,,2025.1.1,59.9645129683566,2025-09-09 11h35.33.108185 +0530,
71,0,71,up,1,0.41896379995159805,None,0,71,0,71,0,113.15056540002115,,113.13611970003694,113.15056540002115,114.15145340003073,114.15145340003073,114.58444170001894,up,1,0.41896379995159805,None,0,6124,001,2025-09-09_11h35.15.472,signal_detection_orien_psychopy,,2025.1.1,59.9645129683566,2025-09-09 11h35.33.108185 +0530,
72,0,72,down,0,0.4092415999621153,None,0,72,0,72,0,114.60135830007493,,114.58476660004817,114.60135830007493,115.58515270007774,115.60187330003828,116.00131479999982,down,0,0.4092415999621153,None,0,6124,001,2025-09-09_11h35.15.472,signal_detection_orien_psychopy,,2025.1.1,59.9645129683566,2025-09-09 11h35.33.108185 +0530,
73,0,73,up,0,0.41571660013869405,None,-2,73,0,73,0,116.0180216000881,,116.0016040999908,116.0180216000881,117.0013957999181,117.0177807,117.41878429986537,up,0,0.41571660013869405,None,-2,6124,001,2025-09-09_11h35.15.472,signal_detection_orien_psychopy,,2025.1.1,59.9645129683566,2025-09-09 11h35.33.108185 +0530,
74,0,74,down,1,0.3353223998565227,None,-3,74,0,74,0,117.43473119987175,,117.41906949994154,117.43473119987175,118.43455999996513,118.43455999996513,118.78590700007044,down,1,0.3353223998565227,None,-3,6124,001,2025-09-09_11h35.15.472,signal_detection_orien_psychopy,,2025.1.1,59.9645129683566,2025-09-09 11h35.33.108185 +0530,
75,0,75,down,0,0.4608399998396635,None,0,75,0,75,0,118.80063519999385,,118.78617440001108,118.80063519999385,119.80069860001095,119.80069860001095,120.26770689990371,down,0,0.4608399998396635,None,0,6124,001,2025-09-09_11h35.15.472,signal_detection_orien_psychopy,,2025.1.1,59.9645129683566,2025-09-09 11h35.33.108185 +0530,
76,0,76,down,0,0.3407326000742614,None,0,76,0,76,0,120.28360609989613,,120.26794510008767,120.28360609989613,121.26817639986984,121.28495880006813,121.61860419996083,down,0,0.3407326000742614,None,0,6124,001,2025-09-09_11h35.15.472,signal_detection_orien_psychopy,,2025.1.1,59.9645129683566,2025-09-09 11h35.33.108185 +0530,
77,0,77,up,1,0.3534079999662936,None,0,77,0,77,0,121.63433389994316,,121.61889140005223,121.63433389994316,122.61764100007713,122.63489490002394,122.98390739993192,up,1,0.3534079999662936,None,0,6124,001,2025-09-09_11h35.15.472,signal_detection_orien_psychopy,,2025.1.1,59.9645129683566,2025-09-09 11h35.33.108185 +0530,
78,0,78,up,1,0.3908726000227034,None,0,78,0,78,0,123.00149799999781,,122.98418879997917,123.00149799999781,123.9851953999605,124.00191390002146,124.38500789995305,up,1,0.3908726000227034,None,0,6124,001,2025-09-09_11h35.15.472,signal_detection_orien_psychopy,,2025.1.1,59.9645129683566,2025-09-09 11h35.33.108185 +0530,
79,0,79,down,1,0.4806540999561548,None,-5,79,0,79,0,124.40221289987676,,124.3852800000459,124.40221289987676,125.38546560006216,125.40219950000755,125.86755819991231,down,1,0.4806540999561548,None,-5,6124,001,2025-09-09_11h35.15.472,signal_detection_orien_psychopy,,2025.1.1,59.9645129683566,2025-09-09 11h35.33.108185 +0530,
80,0,80,up,1,0.6938430999871343,None,0,80,0,80,0,125.8860704000108,,125.86779669998214,125.8860704000108,126.86780990008265,126.90171590005048,127.56921510002576,up,1,0.6938430999871343,None,0,6124,001,2025-09-09_11h35.15.472,signal_detection_orien_psychopy,,2025.1.1,59.9645129683566,2025-09-09 11h35.33.108185 +0530,
81,0,81,down,0,0.5617349999956787,None,0,81,0,81,0,127.5840197999496,,127.5694468000438,127.5840197999496,128.58491880004294,128.58491880004294,129.1513739998918,down,0,0.5617349999956787,None,0,6124,001,2025-09-09_11h35.15.472,signal_detection_orien_psychopy,,2025.1.1,59.9645129683566,2025-09-09 11h35.33.108185 +0530,
82,0,82,up,1,0.47095729992724955,None,0,82,0,82,0,129.16973110008985,,129.15165199991316,129.16973110008985,130.15249760006554,130.1688796998933,130.63504409999587,up,1,0.47095729992724955,None,0,6124,001,2025-09-09_11h35.15.472,signal_detection_orien_psychopy,,2025.1.1,59.9645129683566,2025-09-09 11h35.33.108185 +0530,
83,0,83,down,0,0.43222610000520945,None,0,83,0,83,0,130.6514711000491,,130.63531729998067,130.6514711000491,131.6350998999551,131.65195710002445,132.06784159992822,down,0,0.43222610000520945,None,0,6124,001,2025-09-09_11h35.15.472,signal_detection_orien_psychopy,,2025.1.1,59.9645129683566,2025-09-09 11h35.33.108185 +0530,
84,0,84,up,1,0.40099160000681877,None,0,84,0,84,0,132.08474399987608,,132.0681338000577,132.08474399987608,133.06881389999762,133.0856631998904,133.48649769998156,up,1,0.40099160000681877,None,0,6124,001,2025-09-09_11h35.15.472,signal_detection_orien_psychopy,,2025.1.1,59.9645129683566,2025-09-09 11h35.33.108185 +0530,
85,0,85,up,0,0.5321773998439312,None,4,85,0,85,0,133.5008497000672,,133.48681799997576,133.5008497000672,134.5018177998718,134.5018177998718,135.03478770004585,up,0,0.5321773998439312,None,4,6124,001,2025-09-09_11h35.15.472,signal_detection_orien_psychopy,,2025.1.1,59.9645129683566,2025-09-09 11h35.33.108185 +0530,
86,0,86,up,1,0.5411588000133634,None,0,86,0,86,0,135.05084250005893,,135.03509919997305,135.05084250005893,136.05210309987888,136.05210309987888,136.6019751999993,up,1,0.5411588000133634,None,0,6124,001,2025-09-09_11h35.15.472,signal_detection_orien_psychopy,,2025.1.1,59.9645129683566,2025-09-09 11h35.33.108185 +0530,
87,0,87,down,1,0.38867389992810786,None,-5,87,0,87,0,136.6176453998778,,136.60237400000915,136.6176453998778,137.6018161000684,137.61892309994437,138.00077569996938,down,1,0.38867389992810786,None,-5,6124,001,2025-09-09_11h35.15.472,signal_detection_orien_psychopy,,2025.1.1,59.9645129683566,2025-09-09 11h35.33.108185 +0530,
88,0,88,down,1,0.4350185999646783,None,-2,88,0,88,0,138.0186326999683,,138.00104000000283,138.0186326999683,139.00232309987769,139.01814020005986,139.45304979989305,down,1,0.4350185999646783,None,-2,6124,001,2025-09-09_11h35.15.472,signal_detection_orien_psychopy,,2025.1.1,59.9645129683566,2025-09-09 11h35.33.108185 +0530,
89,0,89,down,0,0.41905079991556704,None,0,89,0,89,0,139.46795769990422,,139.45332819991745,139.46795769990422,140.45197140006348,140.46877430006862,140.88490800000727,down,0,0.41905079991556704,None,0,6124,001,2025-09-09_11h35.15.472,signal_detection_orien_psychopy,,2025.1.1,59.9645129683566,2025-09-09 11h35.33.108185 +0530,
90,0,90,up,1,0.37550320010632277,None,0,90,0,90,0,140.90090080001391,,140.88526430004276,140.90090080001391,141.88567520002834,141.90232970006764,142.2682352999691,up,1,0.37550320010632277,None,0,6124,001,2025-09-09_11h35.15.472,signal_detection_orien_psychopy,,2025.1.1,59.9645129683566,2025-09-09 11h35.33.108185 +0530,
91,0,91,up,1,0.4602649000007659,None,0,91,0,91,0,142.2878099998925,,142.26855570008047,142.2878099998925,143.26857439987361,143.30162939988077,143.7365117999725,up,1,0.4602649000007659,None,0,6124,001,2025-09-09_11h35.15.472,signal_detection_orien_psychopy,,2025.1.1,59.9645129683566,2025-09-09 11h35.33.108185 +0530,
92,0,92,up,1,0.46711599989794195,None,0,92,0,92,0,143.75084990006872,,143.73679320001975,143.75084990006872,144.75173119991086,144.75173119991086,145.23546930006705,up,1,0.46711599989794195,None,0,6124,001,2025-09-09_11h35.15.472,signal_detection_orien_psychopy,,2025.1.1,59.9645129683566,2025-09-09 11h35.33.108185 +0530,
93,0,93,down,0,0.5613269999157637,None,0,93,0,93,0,145.2517760999035,,145.2357592000626,145.2517760999035,146.23495689989068,146.25262650009245,146.80260579986498,down,0,0.5613269999157637,None,0,6124,001,2025-09-09_11h35.15.472,signal_detection_orien_psychopy,,2025.1.1,59.9645129683566,2025-09-09 11h35.33.108185 +0530,
94,0,94,up,1,0.5120481001213193,None,0,94,0,94,0,146.81670269998722,,146.80294930003583,146.81670269998722,147.81926809996367,147.81926809996367,148.33516200003214,up,1,0.5120481001213193,None,0,6124,001,2025-09-09_11h35.15.472,signal_detection_orien_psychopy,,2025.1.1,59.9645129683566,2025-09-09 11h35.33.108185 +0530,
95,0,95,up,1,0.3544906999450177,None,0,95,0,95,0,148.35036029992625,,148.3355697998777,148.35036029992625,149.33596659987234,149.35270050005056,149.70187099999748,up,1,0.3544906999450177,None,0,6124,001,2025-09-09_11h35.15.472,signal_detection_orien_psychopy,,2025.1.1,59.9645129683566,2025-09-09 11h35.33.108185 +0530,
96,0,96,up,0,0.5104767000302672,None,-3,96,0,96,0,149.71952839987352,,149.70213579991832,149.71952839987352,150.70223579998128,150.71870499989018,151.21792989992537,up,0,0.5104767000302672,None,-3,6124,001,2025-09-09_11h35.15.472,signal_detection_orien_psychopy,,2025.1.1,59.9645129683566,2025-09-09 11h35.33.108185 +0530,
97,0,97,down,1,0.4044514000415802,None,3,97,0,97,0,151.23432160005905,,151.21830399986356,151.23432160005905,152.21927400003187,152.23557969997637,152.63637600000948,down,1,0.4044514000415802,None,3,6124,001,2025-09-09_11h35.15.472,signal_detection_orien_psychopy,,2025.1.1,59.9645129683566,2025-09-09 11h35.33.108185 +0530,
98,0,98,up,1,0.6759335000533611,None,0,98,0,98,0,152.65161919989623,,152.6366226999089,152.65161919989623,153.63571810000576,153.6522506000474,154.31917740008794,up,1,0.6759335000533611,None,0,6124,001,2025-09-09_11h35.15.472,signal_detection_orien_psychopy,,2025.1.1,59.9645129683566,2025-09-09 11h35.33.108185 +0530,
99,0,99,down,0,0.5406491998583078,None,0,99,0,99,0,154.3339078000281,,154.31946199992672,154.3339078000281,155.31925459997728,155.33611180004664,155.8689335999079,down,0,0.5406491998583078,None,0,6124,001,2025-09-09_11h35.15.472,signal_detection_orien_psychopy,,2025.1.1,59.9645129683566,2025-09-09 11h35.33.108185 +0530,
